"3","1","Cach nghi de thanh cong","[LThuVien.Author;@47089e5f","Nha xuat ban Kim Dong.","TH|Tieng Thanh Hoa|Unknown","EN|Tieng Anh|English","Vietnamese","24/10/2016 00:09:38 (2233 ngay, 10 gio, 32 phut, 51 giay ago)","12/04/1996 19:24:40 (9732 ngay, 15 gio, 17 phut, 49 giay ago)","7","0"
"4","2","Hat giong tam hon","[LThuVien.Author;@4141d797","Nha xuat ban Chinh tri Quoc gia.","ES|Tieng Tay Ban Nha|Spanish","03/11/2015 14:56:10 (2588 ngay, 19 gio, 46 phut, 19 giay ago)","27/08/1984 09:35:59 (13979 ngay, 1 gio, 6 phut, 30 giay ago)","16","15"
"4","3","Hat giong tam hon","[LThuVien.Author;@68f7aae2","Nha xuat ban Quan doi.","FR|Tieng Phap|French","12/07/2012 08:28:45 (3798 ngay, 2 gio, 13 phut, 44 giay ago)","08/01/1998 07:27:46 (9097 ngay, 3 gio, 14 phut, 43 giay ago)","33","10"
"4","4","Dac Nhan Tam","[LThuVien.Author;@4f47d241","Nha xuat ban Chinh tri Quoc gia.","CN|Tieng Trung Quoc|Chinese","21/06/2015 04:41:15 (2724 ngay, 6 gio, 1 phut, 14 giay ago)","29/04/1990 01:27:18 (11908 ngay, 9 gio, 15 phut, 11 giay ago)","31","22"
"1","5","Doc Vi Bat Ky Ai","[LThuVien.Author;@4c3e4790","NXB Giao Duc","VN|Tieng Viet|Vietnamese","15/11/1987 06:44:06 (12804 ngay, 3 gio, 58 phut, 23 giay ago)","52","23"
"3","6","Hat giong tam hon","[LThuVien.Author;@38cccef","Nha xuat ban Kim Dong.","TH|Tieng Thanh Hoa|Unknown","CN|Tieng Trung Quoc|Chinese","English","23/10/2012 20:57:19 (3694 ngay, 13 gio, 45 phut, 10 giay ago)","19/08/1986 05:40:35 (13257 ngay, 5 gio, 1 phut, 54 giay ago)","15","9"
"3","7","Quang ganh lo di va vui song","[LThuVien.Author;@5679c6c6","Nha xuat ban Lao dong.","TH|Tieng Thanh Hoa|Unknown","JP|Tieng Nhat|Japanese","vietnamese","07/08/2019 13:51:56 (1215 ngay, 20 gio, 50 phut, 33 giay ago)","16/12/1984 10:47:41 (13867 ngay, 23 gio, 54 phut, 48 giay ago)","11","5"
"3","8","Dac Nhan Tam","[LThuVien.Author;@27ddd392","Nha xuat ban Hong Duc.","TH|Tieng Thanh Hoa|Unknown","EN|Tieng Anh|English","Vietnamese","26/04/2020 18:42:26 (952 ngay, 16 gio, 3 giay ago)","21/01/1993 02:17:25 (10910 ngay, 8 gio, 25 phut, 4 giay ago)","2","1"
"3","9","Hat giong tam hon","[LThuVien.Author;@19e1023e","Nha xuat ban Chinh tri Quoc gia.","TH|Tieng Thanh Hoa|Unknown","EN|Tieng Anh|English","Vietnamese","12/09/2014 09:00:28 (3006 ngay, 1 gio, 42 phut, 1 giay ago)","16/12/1984 10:47:41 (13867 ngay, 23 gio, 54 phut, 48 giay ago)","19","7"
"4","10","Cach nghi de thanh cong","[LThuVien.Author;@7cef4e59","Nha xuat ban Chinh tri Quoc gia.","ES|Tieng Tay Ban Nha|Spanish","20/03/2013 15:30:26 (3546 ngay, 19 gio, 12 phut, 3 giay ago)","25/08/1997 01:34:26 (9233 ngay, 9 gio, 8 phut, 3 giay ago)","5","0"
"4","11","Dac Nhan Tam","[LThuVien.Author;@64b8f8f4","Nha xuat ban Lao dong.","KR|Tieng Nam Han|Korean","10/07/2019 19:34:54 (1243 ngay, 15 gio, 7 phut, 35 giay ago)","26/03/1995 03:16:47 (10116 ngay, 7 gio, 25 phut, 42 giay ago)","53","38"
"1","12","Hat giong tam hon","[LThuVien.Author;@2db0f6b2","Kim Dong","VN|Tieng Viet|Vietnamese","19/06/1991 21:06:56 (11491 ngay, 13 gio, 35 phut, 33 giay ago)","43","24"
"4","13","Quang ganh lo di va vui song","[LThuVien.Author;@3cd1f1c8","Nha xuat ban Tu phap.","ES|Tieng Tay Ban Nha|Spanish","29/04/2014 21:17:33 (3141 ngay, 13 gio, 24 phut, 56 giay ago)","10/05/1997 07:41:08 (9340 ngay, 3 gio, 1 phut, 21 giay ago)","19","19"
"3","14","Tieu thuyet Bo Gia","[LThuVien.Author;@3a4afd8d","Nha xuat ban Chinh tri Quoc gia.","TH|Tieng Thanh Hoa|Unknown","EN|Tieng Anh|English","Vietnamese","02/04/2014 04:57:01 (3169 ngay, 5 gio, 45 phut, 28 giay ago)","19/08/1986 05:40:35 (13257 ngay, 5 gio, 1 phut, 54 giay ago)","7","6"
"3","15","Dac Nhan Tam","[LThuVien.Author;@1996cd68","Nha xuat ban Kim Dong.","TH|Tieng Thanh Hoa|Unknown","RU|Tieng Nga|Russian","vietnamese","01/10/2017 04:03:55 (1891 ngay, 6 gio, 38 phut, 34 giay ago)","15/11/1987 06:44:06 (12804 ngay, 3 gio, 58 phut, 23 giay ago)","3","0"
"4","16","Quang ganh lo di va vui song","[LThuVien.Author;@3339ad8e","Nha xuat ban Chinh tri Quoc gia.","EN|Tieng Anh|English","22/03/2020 04:14:50 (988 ngay, 6 gio, 27 phut, 39 giay ago)","06/12/1997 01:06:35 (9130 ngay, 9 gio, 35 phut, 54 giay ago)","9","9"
"4","17","Cach nghi de thanh cong","[LThuVien.Author;@555590","Nha xuat ban Tu phap.","RU|Tieng Nga|Russian","10/05/2020 01:12:12 (939 ngay, 9 gio, 30 phut, 17 giay ago)","08/01/1995 11:07:58 (10192 ngay, 23 gio, 34 phut, 31 giay ago)","57","28"
"3","18","Hat giong tam hon","[LThuVien.Author;@6d1e7682","Nha xuat ban Chinh tri Quoc gia.","TH|Tieng Thanh Hoa|Unknown","RU|Tieng Nga|Russian","vietnamese","24/10/2014 23:13:16 (2963 ngay, 11 gio, 29 phut, 13 giay ago)","25/05/2000 10:01:36 (8229 ngay, 40 phut, 53 giay ago)","22","14"
"3","19","Dac Nhan Tam","[LThuVien.Author;@424c0bc4","Nha xuat ban Kim Dong.","TH|Tieng Thanh Hoa|Unknown","FR|Tieng Phap|French","Vietnamese","17/08/2018 02:31:15 (1571 ngay, 8 gio, 11 phut, 14 giay ago)","13/06/1995 19:31:29 (10036 ngay, 15 gio, 11 phut ago)","60","44"
"3","20","Dac Nhan Tam","[LThuVien.Author;@3c679bde","Nha xuat ban Quan doi.","TH|Tieng Thanh Hoa|Unknown","CN|Tieng Trung Quoc|Chinese","Vietnamese","23/08/2011 22:59:01 (4121 ngay, 11 gio, 43 phut, 28 giay ago)","18/11/1988 05:16:32 (12435 ngay, 5 gio, 25 phut, 57 giay ago)","15","13"
"1","21","Hat giong tam hon","[LThuVien.Author;@16b4a017","Tuoi Tre","VN|Tieng Viet|Vietnamese","12/04/1996 19:24:40 (9732 ngay, 15 gio, 17 phut, 49 giay ago)","47","1"
"4","22","Doc Vi Bat Ky Ai","[LThuVien.Author;@8807e25","Nha xuat ban Hong Duc.","FR|Tieng Phap|French","08/06/2013 10:51:58 (3466 ngay, 23 gio, 50 phut, 31 giay ago)","26/03/1997 08:44:36 (9385 ngay, 1 gio, 57 phut, 53 giay ago)","13","7"
"3","23","Cach nghi de thanh cong","[LThuVien.Author;@2a3046da","Nha xuat ban Quan doi.","TH|Tieng Thanh Hoa|Unknown","EN|Tieng Anh|English","Vietnamese","11/02/2011 14:07:52 (4314 ngay, 20 gio, 34 phut, 37 giay ago)","25/05/2000 10:01:36 (8229 ngay, 40 phut, 53 giay ago)","2","0"
"4","24","Dac Nhan Tam","[LThuVien.Author;@2a098129","Nha xuat ban Lao dong.","EN|Tieng Anh|English","24/02/2016 19:26:54 (2475 ngay, 15 gio, 15 phut, 35 giay ago)","01/05/1997 11:45:06 (9348 ngay, 22 gio, 57 phut, 23 giay ago)","19","13"
"3","25","Tieu thuyet Bo Gia","[LThuVien.Author;@198e2867","Nha xuat ban Chinh tri Quoc gia.","TH|Tieng Thanh Hoa|Unknown","KR|Tieng Nam Han|Korean","Vietnamese","17/12/2010 04:00:31 (4371 ngay, 6 gio, 41 phut, 58 giay ago)","13/06/1995 19:31:29 (10036 ngay, 15 gio, 11 phut ago)","10","1"
"1","26","Cach nghi de thanh cong","[LThuVien.Author;@12f40c25","Kim Dong","VN|Tieng Viet|Vietnamese","19/06/1991 21:06:56 (11491 ngay, 13 gio, 35 phut, 33 giay ago)","48","21"
"3","27","Cach nghi de thanh cong","[LThuVien.Author;@3ada9e37","Nha xuat ban Kim Dong.","TH|Tieng Thanh Hoa|Unknown","JP|Tieng Nhat|Japanese","vietnamese","02/10/2013 18:49:57 (3350 ngay, 15 gio, 52 phut, 32 giay ago)","13/06/1995 19:31:29 (10036 ngay, 15 gio, 11 phut ago)","6","0"
"1","28","Cach nghi de thanh cong","[LThuVien.Author;@5cbc508c","Kim Dong","VN|Tieng Viet|Vietnamese","25/09/1989 09:17:13 (12124 ngay, 1 gio, 25 phut, 16 giay ago)","48","11"
"3","29","Doc Vi Bat Ky Ai","[LThuVien.Author;@3419866c","Nha xuat ban Thanh nien.","TH|Tieng Thanh Hoa|Unknown","JP|Tieng Nhat|Japanese","vietnamese","13/05/2012 11:32:10 (3857 ngay, 23 gio, 10 phut, 19 giay ago)","25/05/2000 10:01:36 (8229 ngay, 40 phut, 53 giay ago)","9","9"
"1","30","Cach nghi de thanh cong","[LThuVien.Author;@63e31ee","Tuoi Tre","VN|Tieng Viet|Vietnamese","12/04/1996 19:24:40 (9732 ngay, 15 gio, 17 phut, 49 giay ago)","44","26"
"3","31","Quang ganh lo di va vui song","[LThuVien.Author;@68fb2c38","Nha xuat ban Cong an nhan dan.","TH|Tieng Thanh Hoa|Unknown","CN|Tieng Trung Quoc|Chinese","Vietnamese","20/11/2013 21:34:20 (3301 ngay, 13 gio, 8 phut, 9 giay ago)","19/06/1991 21:06:56 (11491 ngay, 13 gio, 35 phut, 33 giay ago)","13","1"
"4","32","Doc Vi Bat Ky Ai","[LThuVien.Author;@567d299b","Nha xuat ban Tu phap.","ES|Tieng Tay Ban Nha|Spanish","21/02/2019 19:44:21 (1382 ngay, 14 gio, 58 phut, 8 giay ago)","06/01/1990 04:52:43 (12021 ngay, 5 gio, 49 phut, 46 giay ago)","39","12"
"4","33","Nha Gia Kim","[LThuVien.Author;@2eafffde","Nha xuat ban Chinh tri Quoc gia.","FR|Tieng Phap|French","05/10/2011 19:05:41 (4078 ngay, 15 gio, 36 phut, 48 giay ago)","10/11/1982 05:22:48 (14635 ngay, 5 gio, 19 phut, 41 giay ago)","19","4"
"3","34","Quang ganh lo di va vui song","[LThuVien.Author;@59690aa4","Nha xuat ban Thanh nien.","TH|Tieng Thanh Hoa|Unknown","CN|Tieng Trung Quoc|Chinese","English","16/10/2011 05:11:08 (4068 ngay, 5 gio, 31 phut, 21 giay ago)","15/11/1987 06:44:06 (12804 ngay, 3 gio, 58 phut, 23 giay ago)","12","7"
"3","35","Nha Gia Kim","[LThuVien.Author;@6842775d","Nha xuat ban Chinh tri Quoc gia.","TH|Tieng Thanh Hoa|Unknown","FR|Tieng Phap|French","Vietnamese","21/04/2015 02:36:55 (2785 ngay, 8 gio, 5 phut, 34 giay ago)","25/09/1989 09:17:13 (12124 ngay, 1 gio, 25 phut, 16 giay ago)","38","1"
"1","36","Hat giong tam hon","[LThuVien.Author;@574caa3f","Kim Dong","VN|Tieng Viet|Vietnamese","09/02/1993 04:48:20 (10891 ngay, 5 gio, 54 phut, 9 giay ago)","60","7"
"4","37","Doc Vi Bat Ky Ai","[LThuVien.Author;@64cee07","Nha xuat ban Lao dong.","EN|Tieng Anh|English","08/07/2013 01:55:06 (3437 ngay, 8 gio, 47 phut, 23 giay ago)","31/08/1992 05:36:46 (11053 ngay, 5 gio, 5 phut, 43 giay ago)","35","23"
"4","38","Doc Vi Bat Ky Ai","[LThuVien.Author;@1761e840","Nha xuat ban Lao dong.","EN|Tieng Anh|English","09/01/2015 23:59:34 (2886 ngay, 10 gio, 42 phut, 55 giay ago)","29/01/1982 07:52:37 (14920 ngay, 2 gio, 49 phut, 52 giay ago)","36","5"
"1","39","Doc Vi Bat Ky Ai","[LThuVien.Author;@6c629d6e","Kim Dong","VN|Tieng Viet|Vietnamese","11/03/2002 16:17:29 (7573 ngay, 18 gio, 25 phut ago)","43","4"
"1","40","Bao Lao Dong tuan 7","[LThuVien.Author;@5ecddf8f","Lao Dong","30/08/1996 02:22:09 (9593 ngay, 8 gio, 20 phut, 20 giay ago)","24","1"
"3","41","Quang ganh lo di va vui song","[LThuVien.Author;@3f102e87","Nha xuat ban Kim Dong.","TH|Tieng Thanh Hoa|Unknown","FR|Tieng Phap|French","Vietnamese","03/02/2012 22:06:17 (3957 ngay, 12 gio, 36 phut, 12 giay ago)","09/02/1993 04:48:20 (10891 ngay, 5 gio, 54 phut, 9 giay ago)","48","35"
"3","42","Doc Vi Bat Ky Ai","[LThuVien.Author;@27abe2cd","Nha xuat ban Hong Duc.","TH|Tieng Thanh Hoa|Unknown","CN|Tieng Trung Quoc|Chinese","English","19/06/2015 14:12:49 (2725 ngay, 20 gio, 29 phut, 40 giay ago)","15/11/1987 06:44:06 (12804 ngay, 3 gio, 58 phut, 23 giay ago)","24","23"
"1","43","Giai ma bi an","[LThuVien.Author;@5f5a92bb","Hoa Hoc Tro","11/05/1994 16:41:32 (10434 ngay, 18 gio, 57 giay ago)","42","34"
"3","44","Quang ganh lo di va vui song","[LThuVien.Author;@6fdb1f78","Nha xuat ban Lao dong.","TH|Tieng Thanh Hoa|Unknown","EN|Tieng Anh|English","Vietnamese","30/06/2014 09:09:47 (3080 ngay, 1 gio, 32 phut, 42 giay ago)","18/11/1988 05:16:32 (12435 ngay, 5 gio, 25 phut, 57 giay ago)","34","31"
"1","45","Hat giong tam hon","[LThuVien.Author;@51016012","Tuoi Tre","VN|Tieng Viet|Vietnamese","25/09/1989 09:17:13 (12124 ngay, 1 gio, 25 phut, 16 giay ago)","59","16"
"1","46","Dac Nhan Tam","[LThuVien.Author;@29444d75","Kim Dong","VN|Tieng Viet|Vietnamese","21/01/1993 02:17:25 (10910 ngay, 8 gio, 25 phut, 4 giay ago)","56","30"
"3","47","Doc Vi Bat Ky Ai","[LThuVien.Author;@2280cdac","Nha xuat ban Lao dong.","TH|Tieng Thanh Hoa|Unknown","ES|Tieng Tay Ban Nha|Spanish","English","12/04/2017 18:13:32 (2062 ngay, 16 gio, 28 phut, 57 giay ago)","25/09/1989 09:17:13 (12124 ngay, 1 gio, 25 phut, 16 giay ago)","5","3"
"1","48","Cach nghi de thanh cong","[LThuVien.Author;@1517365b","NXB Giao Duc","VN|Tieng Viet|Vietnamese","15/11/1987 06:44:06 (12804 ngay, 3 gio, 58 phut, 23 giay ago)","54","16"
"4","49","Cach nghi de thanh cong","[LThuVien.Author;@4fccd51b","Nha xuat ban Kim Dong.","ES|Tieng Tay Ban Nha|Spanish","14/10/2011 12:03:06 (4069 ngay, 22 gio, 39 phut, 23 giay ago)","21/10/1999 20:40:29 (8445 ngay, 14 gio, 2 phut ago)","19","4"
"3","50","Hat giong tam hon","[LThuVien.Author;@44e81672","Nha xuat ban Chinh tri Quoc gia.","TH|Tieng Thanh Hoa|Unknown","EN|Tieng Anh|English","Vietnamese","02/01/2011 11:26:44 (4354 ngay, 23 gio, 15 phut, 45 giay ago)","11/03/2002 16:17:29 (7573 ngay, 18 gio, 25 phut ago)","18","0"
"4","51","Doc Vi Bat Ky Ai","[LThuVien.Author;@60215eee","Nha xuat ban Kim Dong.","FR|Tieng Phap|French","01/07/2011 02:08:08 (4175 ngay, 8 gio, 34 phut, 21 giay ago)","09/06/1998 19:53:26 (8944 ngay, 14 gio, 49 phut, 3 giay ago)","36","11"
"3","52","Dac Nhan Tam","[LThuVien.Author;@4ca8195f","Nha xuat ban Chinh tri Quoc gia.","TH|Tieng Thanh Hoa|Unknown","ES|Tieng Tay Ban Nha|Spanish","Vietnamese","12/01/2016 13:18:47 (2518 ngay, 21 gio, 23 phut, 42 giay ago)","25/05/2000 10:01:36 (8229 ngay, 40 phut, 53 giay ago)","7","4"
"4","53","Hat giong tam hon","[LThuVien.Author;@65e579dc","Nha xuat ban Kim Dong.","CN|Tieng Trung Quoc|Chinese","08/12/2016 00:39:26 (2188 ngay, 10 gio, 3 phut, 3 giay ago)","27/08/1981 09:11:23 (15075 ngay, 1 gio, 31 phut, 6 giay ago)","31","20"
"1","54","Dac Nhan Tam","[LThuVien.Author;@61baa894","Kim Dong","VN|Tieng Viet|Vietnamese","13/06/1995 19:31:29 (10036 ngay, 15 gio, 11 phut ago)","49","13"
"1","55","Cach nghi de thanh cong","[LThuVien.Author;@b065c63","Tuoi Tre","VN|Tieng Viet|Vietnamese","12/08/1987 08:42:24 (12899 ngay, 2 gio, 5 giay ago)","46","21"
"1","56","Cach nghi de thanh cong","[LThuVien.Author;@768debd","Kim Dong","VN|Tieng Viet|Vietnamese","18/11/1988 05:16:32 (12435 ngay, 5 gio, 25 phut, 57 giay ago)","51","3"
"4","57","Cach nghi de thanh cong","[LThuVien.Author;@490d6c15","Nha xuat ban Tu phap.","EN|Tieng Anh|English","07/02/2018 01:47:10 (1762 ngay, 8 gio, 55 phut, 19 giay ago)","20/01/1992 08:18:50 (11277 ngay, 2 gio, 23 phut, 39 giay ago)","47","11"
"1","58","Cach nghi de thanh cong","[LThuVien.Author;@7d4793a8","Tuoi Tre","VN|Tieng Viet|Vietnamese","15/11/1987 06:44:06 (12804 ngay, 3 gio, 58 phut, 23 giay ago)","57","19"
"1","59","Hat giong tam hon","[LThuVien.Author;@449b2d27","NXB Giao Duc","VN|Tieng Viet|Vietnamese","13/06/1995 19:31:29 (10036 ngay, 15 gio, 11 phut ago)","57","10"
"1","60","Chuyen cua em","[LThuVien.Author;@5479e3f","Khan Quang Do","15/10/1981 19:09:11 (15025 ngay, 15 gio, 33 phut, 18 giay ago)","10","9"
"1","61","Cach nghi de thanh cong","[LThuVien.Author;@27082746","NXB Giao Duc","VN|Tieng Viet|Vietnamese","21/01/1993 02:17:25 (10910 ngay, 8 gio, 25 phut, 4 giay ago)","45","25"
"4","62","Dac Nhan Tam","[LThuVien.Author;@66133adc","Nha xuat ban Thanh nien.","CN|Tieng Trung Quoc|Chinese","15/02/2016 21:30:09 (2484 ngay, 13 gio, 12 phut, 20 giay ago)","21/08/1992 14:17:18 (11062 ngay, 20 gio, 25 phut, 11 giay ago)","34","11"
"1","63","Quang ganh lo di va vui song","[LThuVien.Author;@7bfcd12c","NXB Giao Duc","VN|Tieng Viet|Vietnamese","25/05/2000 10:01:36 (8229 ngay, 40 phut, 53 giay ago)","56","26"
"4","64","Hat giong tam hon","[LThuVien.Author;@42f30e0a","Nha xuat ban Quan doi.","EN|Tieng Anh|English","16/04/2017 06:20:31 (2059 ngay, 4 gio, 21 phut, 58 giay ago)","02/08/1987 10:26:09 (12909 ngay, 16 phut, 20 giay ago)","51","5"
"1","65","Doc Vi Bat Ky Ai","[LThuVien.Author;@24273305","NXB Giao Duc","VN|Tieng Viet|Vietnamese","19/08/1986 05:40:35 (13257 ngay, 5 gio, 1 phut, 54 giay ago)","59","22"
"4","66","Cach nghi de thanh cong","[LThuVien.Author;@5b1d2887","Nha xuat ban Tu phap.","ES|Tieng Tay Ban Nha|Spanish","13/02/2019 00:27:23 (1391 ngay, 10 gio, 15 phut, 6 giay ago)","17/01/1990 00:53:19 (12010 ngay, 9 gio, 49 phut, 10 giay ago)","45","17"
"1","67","Bao Thanh Nien so bao thu 5","[LThuVien.Author;@46f5f779","Thanh Nien","05/07/1988 00:40:35 (12571 ngay, 10 gio, 1 phut, 54 giay ago)","37","13"
"1","68","Doc Vi Bat Ky Ai","[LThuVien.Author;@1c2c22f3","Tuoi Tre","VN|Tieng Viet|Vietnamese","19/06/1991 21:06:56 (11491 ngay, 13 gio, 35 phut, 33 giay ago)","50","1"
"3","69","Doc Vi Bat Ky Ai","[LThuVien.Author;@18e8568","Nha xuat ban Lao dong.","TH|Tieng Thanh Hoa|Unknown","EN|Tieng Anh|English","Vietnamese","05/07/2014 19:42:32 (3074 ngay, 14 gio, 59 phut, 57 giay ago)","13/06/1995 19:31:29 (10036 ngay, 15 gio, 11 phut ago)","2","2"
"4","70","Cach nghi de thanh cong","[LThuVien.Author;@33e5ccce","Nha xuat ban Tu phap.","FR|Tieng Phap|French","23/12/2014 16:04:11 (2903 ngay, 18 gio, 38 phut, 18 giay ago)","30/03/1995 20:22:21 (10111 ngay, 14 gio, 20 phut, 8 giay ago)","29","28"
"1","71","Cach nghi de thanh cong","[LThuVien.Author;@5a42bbf4","Tuoi Tre","VN|Tieng Viet|Vietnamese","12/04/1996 19:24:40 (9732 ngay, 15 gio, 17 phut, 49 giay ago)","49","12"
"1","72","Hat giong tam hon","[LThuVien.Author;@270421f5","Tuoi Tre","VN|Tieng Viet|Vietnamese","13/06/1995 19:31:29 (10036 ngay, 15 gio, 11 phut ago)","45","1"
"4","73","Quang ganh lo di va vui song","[LThuVien.Author;@52d455b8","Nha xuat ban Thanh nien.","CN|Tieng Trung Quoc|Chinese","30/10/2012 21:44:38 (3687 ngay, 12 gio, 57 phut, 51 giay ago)","18/06/1987 14:05:22 (12953 ngay, 20 gio, 37 phut, 7 giay ago)","16","0"
"3","74","Tieu thuyet Bo Gia","[LThuVien.Author;@4f4a7090","Nha xuat ban Quan doi.","TH|Tieng Thanh Hoa|Unknown","CN|Tieng Trung Quoc|Chinese","English","30/11/2016 08:28:21 (2196 ngay, 2 gio, 14 phut, 8 giay ago)","13/06/1995 19:31:29 (10036 ngay, 15 gio, 11 phut ago)","19","3"
"4","75","Doc Vi Bat Ky Ai","[LThuVien.Author;@18ef96","Nha xuat ban Hong Duc.","EN|Tieng Anh|English","06/07/2011 16:30:50 (4169 ngay, 18 gio, 11 phut, 39 giay ago)","04/01/1982 13:50:42 (14944 ngay, 20 gio, 51 phut, 47 giay ago)","40","27"
"4","76","Quang ganh lo di va vui song","[LThuVien.Author;@6956de9","Nha xuat ban Chinh tri Quoc gia.","CN|Tieng Trung Quoc|Chinese","18/03/2015 17:26:54 (2818 ngay, 17 gio, 15 phut, 35 giay ago)","01/10/1981 10:21:14 (15040 ngay, 21 phut, 15 giay ago)","60","2"
"1","77","Tieu thuyet Bo Gia","[LThuVien.Author;@769c9116","NXB Giao Duc","VN|Tieng Viet|Vietnamese","25/09/1989 09:17:13 (12124 ngay, 1 gio, 25 phut, 16 giay ago)","43","10"
"1","78","Cach nghi de thanh cong","[LThuVien.Author;@6aceb1a5","Kim Dong","VN|Tieng Viet|Vietnamese","25/09/1989 09:17:13 (12124 ngay, 1 gio, 25 phut, 16 giay ago)","56","21"
"3","79","Quang ganh lo di va vui song","[LThuVien.Author;@2d6d8735","Nha xuat ban Tu phap.","TH|Tieng Thanh Hoa|Unknown","RU|Tieng Nga|Russian","vietnamese","29/08/2015 04:41:07 (2655 ngay, 6 gio, 1 phut, 22 giay ago)","19/08/1986 05:40:35 (13257 ngay, 5 gio, 1 phut, 54 giay ago)","9","8"
"4","80","Hat giong tam hon","[LThuVien.Author;@ba4d54","Nha xuat ban Tu phap.","EN|Tieng Anh|English","13/12/2011 23:58:34 (4009 ngay, 10 gio, 43 phut, 55 giay ago)","09/12/1988 21:40:38 (12413 ngay, 13 gio, 1 phut, 51 giay ago)","35","30"
"4","81","Hat giong tam hon","[LThuVien.Author;@12bc6874","Nha xuat ban Tu phap.","EN|Tieng Anh|English","19/08/2011 22:50:31 (4125 ngay, 11 gio, 51 phut, 58 giay ago)","25/09/1986 05:18:20 (13220 ngay, 5 gio, 24 phut, 9 giay ago)","60","20"
"4","82","Doc Vi Bat Ky Ai","[LThuVien.Author;@de0a01f","Nha xuat ban Quan doi.","KR|Tieng Nam Han|Korean","07/06/2014 05:49:21 (3103 ngay, 4 gio, 53 phut, 8 giay ago)","10/05/1990 07:08:38 (11897 ngay, 3 gio, 33 phut, 51 giay ago)","50","37"
"1","83","12 cung hoang dao","[LThuVien.Author;@4c75cab9","Khan Quang Do","18/12/1992 19:08:58 (10943 ngay, 15 gio, 33 phut, 31 giay ago)","6","5"
"3","84","Hat giong tam hon","[LThuVien.Author;@1ef7fe8e","Nha xuat ban Tu phap.","TH|Tieng Thanh Hoa|Unknown","CN|Tieng Trung Quoc|Chinese","English","21/10/2013 01:35:57 (3332 ngay, 9 gio, 6 phut, 32 giay ago)","19/08/1986 05:40:35 (13257 ngay, 5 gio, 1 phut, 54 giay ago)","10","5"
"3","85","Cach nghi de thanh cong","[LThuVien.Author;@6f79caec","Nha xuat ban Quan doi.","TH|Tieng Thanh Hoa|Unknown","EN|Tieng Anh|English","Vietnamese","11/07/2013 09:27:19 (3434 ngay, 1 gio, 15 phut, 10 giay ago)","12/08/1987 08:42:24 (12899 ngay, 2 gio, 5 giay ago)","5","3"
"1","86","Bao Thanh Nien so bao thu 3","[LThuVien.Author;@67117f44","Thanh Nien","03/06/1999 14:03:16 (8585 ngay, 20 gio, 39 phut, 13 giay ago)","9","3"
"1","87","Bao Lao Dong tuan 36","[LThuVien.Author;@5d3411d","Lao Dong","22/08/1982 20:19:55 (14714 ngay, 14 gio, 22 phut, 34 giay ago)","6","0"
"4","88","Dac Nhan Tam","[LThuVien.Author;@2471cca7","Nha xuat ban Chinh tri Quoc gia.","FR|Tieng Phap|French","22/09/2012 14:31:08 (3725 ngay, 20 gio, 11 phut, 21 giay ago)","03/01/1998 05:16:55 (9102 ngay, 5 gio, 25 phut, 34 giay ago)","45","5"
"1","89","Cach nghi de thanh cong","[LThuVien.Author;@5fe5c6f","Tuoi Tre","VN|Tieng Viet|Vietnamese","13/06/1995 19:31:29 (10036 ngay, 15 gio, 11 phut ago)","41","18"
"4","90","Quang ganh lo di va vui song","[LThuVien.Author;@6979e8cb","Nha xuat ban Thanh nien.","EN|Tieng Anh|English","16/03/2016 13:11:46 (2454 ngay, 21 gio, 30 phut, 43 giay ago)","31/05/1991 21:25:07 (11510 ngay, 13 gio, 17 phut, 22 giay ago)","39","23"
"3","91","Cach nghi de thanh cong","[LThuVien.Author;@763d9750","Nha xuat ban Cong an nhan dan.","TH|Tieng Thanh Hoa|Unknown","RU|Tieng Nga|Russian","English","21/10/2020 20:54:14 (774 ngay, 13 gio, 48 phut, 15 giay ago)","19/06/1991 21:06:56 (11491 ngay, 13 gio, 35 phut, 33 giay ago)","24","16"
"1","92","Dac Nhan Tam","[LThuVien.Author;@5c0369c4","NXB Giao Duc","VN|Tieng Viet|Vietnamese","19/06/1991 21:06:56 (11491 ngay, 13 gio, 35 phut, 33 giay ago)","45","22"
"4","93","Quang ganh lo di va vui song","[LThuVien.Author;@2be94b0f","Nha xuat ban Kim Dong.","EN|Tieng Anh|English","17/12/2016 08:15:10 (2179 ngay, 2 gio, 27 phut, 19 giay ago)","22/01/1981 00:02:48 (15292 ngay, 10 gio, 39 phut, 41 giay ago)","44","23"
"4","94","Hat giong tam hon","[LThuVien.Author;@d70c109","Nha xuat ban Kim Dong.","FR|Tieng Phap|French","24/09/2011 09:27:43 (4090 ngay, 1 gio, 14 phut, 46 giay ago)","19/12/1995 18:54:51 (9847 ngay, 15 gio, 47 phut, 38 giay ago)","58","9"
"4","95","Hat giong tam hon","[LThuVien.Author;@17ed40e0","Nha xuat ban Thanh nien.","RU|Tieng Nga|Russian","04/01/2017 11:55:02 (2160 ngay, 22 gio, 47 phut, 27 giay ago)","15/09/1988 08:51:23 (12499 ngay, 1 gio, 51 phut, 6 giay ago)","40","28"
"4","96","Quang ganh lo di va vui song","[LThuVien.Author;@50675690","Nha xuat ban Lao dong.","EN|Tieng Anh|English","04/08/2017 12:54:11 (1948 ngay, 21 gio, 48 phut, 18 giay ago)","04/08/1992 10:53:55 (11079 ngay, 23 gio, 48 phut, 34 giay ago)","30","20"
"1","97","Uoc mo trong em","[LThuVien.Author;@31b7dea0","Khan Quang Do","06/09/1983 05:04:42 (14335 ngay, 5 gio, 37 phut, 47 giay ago)","33","11"
"1","98","Dac Nhan Tam","[LThuVien.Author;@3ac42916","NXB Giao Duc","VN|Tieng Viet|Vietnamese","19/08/1986 05:40:35 (13257 ngay, 5 gio, 1 phut, 54 giay ago)","44","8"
"4","99","Quang ganh lo di va vui song","[LThuVien.Author;@47d384ee","Nha xuat ban Hong Duc.","JP|Tieng Nhat|Japanese","26/11/2020 06:19:58 (739 ngay, 4 gio, 22 phut, 31 giay ago)","22/05/1984 04:54:56 (14076 ngay, 5 gio, 47 phut, 33 giay ago)","37","15"
"4","100","Tieu thuyet Bo Gia","[LThuVien.Author;@2d6a9952","Nha xuat ban Tu phap.","ES|Tieng Tay Ban Nha|Spanish","04/10/2011 22:24:08 (4079 ngay, 12 gio, 18 phut, 21 giay ago)","26/03/1982 16:41:35 (14863 ngay, 18 gio, 54 giay ago)","34","11"
"3","101","Cach nghi de thanh cong","[LThuVien.Author;@22a71081","Nha xuat ban Chinh tri Quoc gia.","TH|Tieng Thanh Hoa|Unknown","EN|Tieng Anh|English","Vietnamese","29/11/2016 13:12:51 (2196 ngay, 21 gio, 29 phut, 38 giay ago)","19/08/1986 05:40:35 (13257 ngay, 5 gio, 1 phut, 54 giay ago)","4","2"
"4","102","Cach nghi de thanh cong","[LThuVien.Author;@3930015a","Nha xuat ban Hong Duc.","FR|Tieng Phap|French","31/05/2016 08:49:45 (2379 ngay, 1 gio, 52 phut, 44 giay ago)","02/01/1988 03:36:31 (12756 ngay, 7 gio, 5 phut, 58 giay ago)","26","11"
"3","103","Hat giong tam hon","[LThuVien.Author;@629f0666","Nha xuat ban Kim Dong.","TH|Tieng Thanh Hoa|Unknown","JP|Tieng Nhat|Japanese","vietnamese","06/08/2017 12:10:17 (1946 ngay, 22 gio, 32 phut, 12 giay ago)","11/03/2002 16:17:29 (7573 ngay, 18 gio, 25 phut ago)","5","1"
"4","104","Dac Nhan Tam","[LThuVien.Author;@1bc6a36e","Nha xuat ban Chinh tri Quoc gia.","EN|Tieng Anh|English","25/10/2019 02:18:53 (1137 ngay, 8 gio, 23 phut, 36 giay ago)","14/07/1981 14:16:35 (15118 ngay, 20 gio, 25 phut, 54 giay ago)","44","14"
"4","105","Quang ganh lo di va vui song","[LThuVien.Author;@1ff8b8f","Nha xuat ban Lao dong.","CN|Tieng Trung Quoc|Chinese","05/08/2016 02:34:30 (2313 ngay, 8 gio, 7 phut, 59 giay ago)","16/04/1998 23:35:23 (8998 ngay, 11 gio, 7 phut, 6 giay ago)","55","45"
"4","106","Tieu thuyet Bo Gia","[LThuVien.Author;@387c703b","Nha xuat ban Hong Duc.","ES|Tieng Tay Ban Nha|Spanish","05/10/2020 07:22:57 (791 ngay, 3 gio, 19 phut, 32 giay ago)","08/09/1997 00:31:10 (9219 ngay, 10 gio, 11 phut, 19 giay ago)","52","8"
"1","107","Cach nghi de thanh cong","[LThuVien.Author;@224aed64","Kim Dong","VN|Tieng Viet|Vietnamese","25/05/2000 10:01:36 (8229 ngay, 40 phut, 53 giay ago)","47","6"
"1","108","Co be  mong mo","[LThuVien.Author;@c39f790","Hoa Hoc Tro","28/11/1990 08:56:38 (11695 ngay, 1 gio, 45 phut, 51 giay ago)","49","11"
"3","109","Hat giong tam hon","[LThuVien.Author;@71e7a66b","Nha xuat ban Kim Dong.","TH|Tieng Thanh Hoa|Unknown","EN|Tieng Anh|English","Vietnamese","20/12/2015 20:59:01 (2541 ngay, 13 gio, 43 phut, 28 giay ago)","25/09/1989 09:17:13 (12124 ngay, 1 gio, 25 phut, 16 giay ago)","33","5"
"1","110","Hat giong tam hon","[LThuVien.Author;@2ac1fdc4","Kim Dong","VN|Tieng Viet|Vietnamese","18/11/1988 05:16:32 (12435 ngay, 5 gio, 25 phut, 57 giay ago)","44","15"
"4","111","Quang ganh lo di va vui song","[LThuVien.Author;@5f150435","Nha xuat ban Tu phap.","EN|Tieng Anh|English","27/12/2016 21:14:26 (2168 ngay, 13 gio, 28 phut, 3 giay ago)","26/07/1994 17:09:55 (10358 ngay, 17 gio, 32 phut, 34 giay ago)","9","1"
"3","112","Dac Nhan Tam","[LThuVien.Author;@1c53fd30","Nha xuat ban Thanh nien.","TH|Tieng Thanh Hoa|Unknown","EN|Tieng Anh|English","Vietnamese","24/12/2018 09:29:51 (1442 ngay, 1 gio, 12 phut, 38 giay ago)","13/06/1995 19:31:29 (10036 ngay, 15 gio, 11 phut ago)","3","3"
"3","113","Dac Nhan Tam","[LThuVien.Author;@50cbc42f","Nha xuat ban Thanh nien.","TH|Tieng Thanh Hoa|Unknown","FR|Tieng Phap|French","Vietnamese","03/03/2019 05:23:47 (1373 ngay, 5 gio, 18 phut, 42 giay ago)","12/08/1987 08:42:24 (12899 ngay, 2 gio, 5 giay ago)","30","7"
"3","114","Cach nghi de thanh cong","[LThuVien.Author;@75412c2f","Nha xuat ban Quan doi.","TH|Tieng Thanh Hoa|Unknown","RU|Tieng Nga|Russian","English","30/10/2020 19:57:19 (765 ngay, 14 gio, 45 phut, 10 giay ago)","12/04/1996 19:24:40 (9732 ngay, 15 gio, 17 phut, 49 giay ago)","3","3"
"4","115","Hat giong tam hon","[LThuVien.Author;@282ba1e","Nha xuat ban Hong Duc.","CN|Tieng Trung Quoc|Chinese","16/12/2019 19:43:14 (1084 ngay, 14 gio, 59 phut, 15 giay ago)","25/11/1989 08:43:00 (12063 ngay, 1 gio, 59 phut, 29 giay ago)","18","7"
"4","116","Hat giong tam hon","[LThuVien.Author;@13b6d03","Nha xuat ban Thanh nien.","EN|Tieng Anh|English","31/07/2011 15:55:50 (4144 ngay, 18 gio, 46 phut, 39 giay ago)","16/09/1990 20:35:20 (11767 ngay, 14 gio, 7 phut, 9 giay ago)","41","21"
"3","117","Cach nghi de thanh cong","[LThuVien.Author;@f5f2bb7","Nha xuat ban Tu phap.","TH|Tieng Thanh Hoa|Unknown","JP|Tieng Nhat|Japanese","English","03/02/2014 16:28:02 (3226 ngay, 18 gio, 14 phut, 27 giay ago)","12/08/1987 08:42:24 (12899 ngay, 2 gio, 5 giay ago)","31","9"
"4","118","Hat giong tam hon","[LThuVien.Author;@73035e27","Nha xuat ban Hong Duc.","FR|Tieng Phap|French","18/08/2011 07:34:27 (4127 ngay, 3 gio, 8 phut, 2 giay ago)","07/06/1981 05:30:22 (15156 ngay, 5 gio, 12 phut, 7 giay ago)","51","27"
"1","119","Doc Vi Bat Ky Ai","[LThuVien.Author;@64c64813","NXB Giao Duc","VN|Tieng Viet|Vietnamese","11/03/2002 16:17:29 (7573 ngay, 18 gio, 25 phut ago)","42","11"
"1","120","Dac Nhan Tam","[LThuVien.Author;@3ecf72fd","NXB Giao Duc","VN|Tieng Viet|Vietnamese","19/08/1986 05:40:35 (13257 ngay, 5 gio, 1 phut, 54 giay ago)","44","5"
"3","121","Quang ganh lo di va vui song","[LThuVien.Author;@483bf400","Nha xuat ban Chinh tri Quoc gia.","TH|Tieng Thanh Hoa|Unknown","EN|Tieng Anh|English","Vietnamese","02/04/2012 13:29:12 (3898 ngay, 21 gio, 13 phut, 17 giay ago)","13/06/1995 19:31:29 (10036 ngay, 15 gio, 11 phut ago)","4","4"
"1","122","Bao Thanh Nien so bao thu 10","[LThuVien.Author;@21a06946","Thanh Nien","21/11/1989 16:46:41 (12066 ngay, 17 gio, 55 phut, 48 giay ago)","41","28"
"1","123","Cach nghi de thanh cong","[LThuVien.Author;@77f03bb1","NXB Giao Duc","VN|Tieng Viet|Vietnamese","15/11/1987 06:44:06 (12804 ngay, 3 gio, 58 phut, 23 giay ago)","54","8"
"4","124","Dac Nhan Tam","[LThuVien.Author;@326de728","Nha xuat ban Tu phap.","FR|Tieng Phap|French","29/12/2018 05:06:58 (1437 ngay, 5 gio, 35 phut, 31 giay ago)","17/01/1982 00:26:06 (14932 ngay, 10 gio, 16 phut, 23 giay ago)","18","11"
"4","125","Doc Vi Bat Ky Ai","[LThuVien.Author;@25618e91","Nha xuat ban Chinh tri Quoc gia.","ES|Tieng Tay Ban Nha|Spanish","01/06/2019 23:01:25 (1282 ngay, 11 gio, 41 phut, 4 giay ago)","13/09/1993 13:46:52 (10674 ngay, 20 gio, 55 phut, 37 giay ago)","25","12"
"3","126","Cach nghi de thanh cong","[LThuVien.Author;@7a92922","Nha xuat ban Hong Duc.","TH|Tieng Thanh Hoa|Unknown","CN|Tieng Trung Quoc|Chinese","English","01/06/2016 12:04:34 (2377 ngay, 22 gio, 37 phut, 55 giay ago)","18/11/1988 05:16:32 (12435 ngay, 5 gio, 25 phut, 57 giay ago)","8","0"
"1","127","Bao Lao Dong tuan 9","[LThuVien.Author;@71f2a7d5","Lao Dong","23/05/1983 18:21:01 (14440 ngay, 16 gio, 21 phut, 28 giay ago)","19","6"
"4","128","Tieu thuyet Bo Gia","[LThuVien.Author;@2cfb4a64","Nha xuat ban Chinh tri Quoc gia.","EN|Tieng Anh|English","02/05/2012 22:31:30 (3868 ngay, 12 gio, 10 phut, 59 giay ago)","02/09/1986 18:43:02 (13242 ngay, 15 gio, 59 phut, 27 giay ago)","56","32"
"3","129","Cach nghi de thanh cong","[LThuVien.Author;@5474c6c","Nha xuat ban Kim Dong.","TH|Tieng Thanh Hoa|Unknown","KR|Tieng Nam Han|Korean","Vietnamese","26/02/2012 18:59:06 (3934 ngay, 15 gio, 43 phut, 23 giay ago)","19/08/1986 05:40:35 (13257 ngay, 5 gio, 1 phut, 54 giay ago)","28","13"
"3","130","Tieu thuyet Bo Gia","[LThuVien.Author;@4b6995df","Nha xuat ban Tu phap.","TH|Tieng Thanh Hoa|Unknown","EN|Tieng Anh|English","Vietnamese","28/07/2011 22:08:51 (4147 ngay, 12 gio, 33 phut, 38 giay ago)","13/06/1995 19:31:29 (10036 ngay, 15 gio, 11 phut ago)","29","29"
"1","131","Hat giong tam hon","[LThuVien.Author;@2fc14f68","Kim Dong","VN|Tieng Viet|Vietnamese","16/12/1984 10:47:41 (13867 ngay, 23 gio, 54 phut, 48 giay ago)","55","19"
"1","132","Cach nghi de thanh cong","[LThuVien.Author;@591f989e","Tuoi Tre","VN|Tieng Viet|Vietnamese","12/08/1987 08:42:24 (12899 ngay, 2 gio, 5 giay ago)","56","22"
"3","133","Dac Nhan Tam","[LThuVien.Author;@66048bfd","Nha xuat ban Chinh tri Quoc gia.","TH|Tieng Thanh Hoa|Unknown","CN|Tieng Trung Quoc|Chinese","Vietnamese","08/04/2011 18:25:20 (4258 ngay, 16 gio, 17 phut, 9 giay ago)","09/02/1993 04:48:20 (10891 ngay, 5 gio, 54 phut, 9 giay ago)","21","0"
"3","134","Cach nghi de thanh cong","[LThuVien.Author;@61443d8f","Nha xuat ban Tu phap.","TH|Tieng Thanh Hoa|Unknown","RU|Tieng Nga|Russian","vietnamese","10/08/2020 04:15:02 (847 ngay, 6 gio, 27 phut, 27 giay ago)","15/11/1987 06:44:06 (12804 ngay, 3 gio, 58 phut, 23 giay ago)","50","49"
"3","135","Quang ganh lo di va vui song","[LThuVien.Author;@445b84c0","Nha xuat ban Thanh nien.","TH|Tieng Thanh Hoa|Unknown","KR|Tieng Nam Han|Korean","English","30/06/2011 07:49:15 (4176 ngay, 2 gio, 53 phut, 14 giay ago)","12/08/1987 08:42:24 (12899 ngay, 2 gio, 5 giay ago)","31","14"
"1","136","Quang ganh lo di va vui song","[LThuVien.Author;@61a52fbd","Kim Dong","VN|Tieng Viet|Vietnamese","28/04/1985 23:53:15 (13734 ngay, 10 gio, 49 phut, 14 giay ago)","57","18"
"3","137","Doc Vi Bat Ky Ai","[LThuVien.Author;@233c0b17","Nha xuat ban Lao dong.","TH|Tieng Thanh Hoa|Unknown","ES|Tieng Tay Ban Nha|Spanish","English","28/11/2019 08:00:21 (1103 ngay, 2 gio, 42 phut, 8 giay ago)","12/04/1996 19:24:40 (9732 ngay, 15 gio, 17 phut, 49 giay ago)","18","4"
"1","138","Tieu thuyet Bo Gia","[LThuVien.Author;@63d4e2ba","Kim Dong","VN|Tieng Viet|Vietnamese","19/08/1986 05:40:35 (13257 ngay, 5 gio, 1 phut, 54 giay ago)","58","17"
"4","139","Quang ganh lo di va vui song","[LThuVien.Author;@7bb11784","Nha xuat ban Quan doi.","FR|Tieng Phap|French","22/02/2019 14:29:23 (1381 ngay, 20 gio, 13 phut, 6 giay ago)","19/04/1982 10:22:40 (14840 ngay, 19 phut, 49 giay ago)","28","7"
"3","140","Cach nghi de thanh cong","[LThuVien.Author;@33a10788","Nha xuat ban Chinh tri Quoc gia.","TH|Tieng Thanh Hoa|Unknown","CN|Tieng Trung Quoc|Chinese","Vietnamese","31/03/2013 21:58:55 (3535 ngay, 12 gio, 43 phut, 34 giay ago)","21/01/1993 02:17:25 (10910 ngay, 8 gio, 25 phut, 4 giay ago)","34","28"
"1","141","Hat giong tam hon","[LThuVien.Author;@7006c658","Kim Dong","VN|Tieng Viet|Vietnamese","18/11/1988 05:16:32 (12435 ngay, 5 gio, 25 phut, 57 giay ago)","59","1"
"3","142","Cach nghi de thanh cong","[LThuVien.Author;@34033bd0","Nha xuat ban Thanh nien.","TH|Tieng Thanh Hoa|Unknown","ES|Tieng Tay Ban Nha|Spanish","English","11/11/2015 06:21:01 (2581 ngay, 4 gio, 21 phut, 28 giay ago)","21/01/1993 02:17:25 (10910 ngay, 8 gio, 25 phut, 4 giay ago)","12","11"
"1","143","Doc Vi Bat Ky Ai","[LThuVien.Author;@47fd17e3","Tuoi Tre","VN|Tieng Viet|Vietnamese","19/06/1991 21:06:56 (11491 ngay, 13 gio, 35 phut, 33 giay ago)","48","7"
"4","144","Tieu thuyet Bo Gia","[LThuVien.Author;@7cdbc5d3","Nha xuat ban Hong Duc.","EN|Tieng Anh|English","23/08/2020 12:25:15 (833 ngay, 22 gio, 17 phut, 14 giay ago)","22/01/1981 20:25:10 (15291 ngay, 14 gio, 17 phut, 19 giay ago)","5","1"
"3","145","Cach nghi de thanh cong","[LThuVien.Author;@3aa9e816","Nha xuat ban Lao dong.","TH|Tieng Thanh Hoa|Unknown","EN|Tieng Anh|English","Vietnamese","01/02/2013 23:56:52 (3593 ngay, 10 gio, 45 phut, 37 giay ago)","25/05/2000 10:01:36 (8229 ngay, 40 phut, 53 giay ago)","7","2"
"3","146","Quang ganh lo di va vui song","[LThuVien.Author;@17d99928","Nha xuat ban Hong Duc.","TH|Tieng Thanh Hoa|Unknown","KR|Tieng Nam Han|Korean","Vietnamese","26/03/2014 10:52:57 (3175 ngay, 23 gio, 49 phut, 32 giay ago)","18/11/1988 05:16:32 (12435 ngay, 5 gio, 25 phut, 57 giay ago)","21","8"
"1","147","Doc Vi Bat Ky Ai","[LThuVien.Author;@3834d63f","Tuoi Tre","VN|Tieng Viet|Vietnamese","11/03/2002 16:17:29 (7573 ngay, 18 gio, 25 phut ago)","51","4"
"3","148","Tieu thuyet Bo Gia","[LThuVien.Author;@1ae369b7","Nha xuat ban Hong Duc.","TH|Tieng Thanh Hoa|Unknown","ES|Tieng Tay Ban Nha|Spanish","English","30/04/2014 09:04:48 (3141 ngay, 1 gio, 37 phut, 41 giay ago)","19/06/1991 21:06:56 (11491 ngay, 13 gio, 35 phut, 33 giay ago)","10","9"
"3","149","Hat giong tam hon","[LThuVien.Author;@6fffcba5","Nha xuat ban Quan doi.","TH|Tieng Thanh Hoa|Unknown","EN|Tieng Anh|English","Vietnamese","29/11/2016 15:03:02 (2196 ngay, 19 gio, 39 phut, 27 giay ago)","15/11/1987 06:44:06 (12804 ngay, 3 gio, 58 phut, 23 giay ago)","20","15"
"1","150","Quang ganh lo di va vui song","[LThuVien.Author;@34340fab","Tuoi Tre","VN|Tieng Viet|Vietnamese","18/11/1988 05:16:32 (12435 ngay, 5 gio, 25 phut, 57 giay ago)","42","19"
"1","151","Bao Thanh Nien so bao thu 15","[LThuVien.Author;@2aafb23c","Thanh Nien","23/08/1999 02:21:51 (8505 ngay, 8 gio, 20 phut, 38 giay ago)","29","25"
"1","152","Tieu thuyet Bo Gia","[LThuVien.Author;@2b80d80f","Tuoi Tre","VN|Tieng Viet|Vietnamese","09/02/1993 04:48:20 (10891 ngay, 5 gio, 54 phut, 9 giay ago)","54","18"
"1","153","Cach nghi de thanh cong","[LThuVien.Author;@3ab39c39","Kim Dong","VN|Tieng Viet|Vietnamese","12/04/1996 19:24:40 (9732 ngay, 15 gio, 17 phut, 49 giay ago)","49","24"
"3","154","Hat giong tam hon","[LThuVien.Author;@2eee9593","Nha xuat ban Kim Dong.","TH|Tieng Thanh Hoa|Unknown","CN|Tieng Trung Quoc|Chinese","Vietnamese","04/07/2016 01:44:15 (2345 ngay, 8 gio, 58 phut, 14 giay ago)","19/08/1986 05:40:35 (13257 ngay, 5 gio, 1 phut, 54 giay ago)","26","14"
"3","155","Doc Vi Bat Ky Ai","[LThuVien.Author;@7907ec20","Nha xuat ban Tu phap.","TH|Tieng Thanh Hoa|Unknown","RU|Tieng Nga|Russian","English","07/08/2017 13:45:50 (1945 ngay, 20 gio, 56 phut, 39 giay ago)","18/11/1988 05:16:32 (12435 ngay, 5 gio, 25 phut, 57 giay ago)","3","0"
"4","156","Quang ganh lo di va vui song","[LThuVien.Author;@546a03af","Nha xuat ban Quan doi.","CN|Tieng Trung Quoc|Chinese","11/03/2016 22:56:18 (2459 ngay, 11 gio, 46 phut, 11 giay ago)","06/11/1997 04:31:00 (9160 ngay, 6 gio, 11 phut, 29 giay ago)","9","8"
"3","157","Quang ganh lo di va vui song","[LThuVien.Author;@721e0f4f","Nha xuat ban Quan doi.","TH|Tieng Thanh Hoa|Unknown","CN|Tieng Trung Quoc|Chinese","Vietnamese","04/09/2020 04:11:43 (822 ngay, 6 gio, 30 phut, 46 giay ago)","19/06/1991 21:06:56 (11491 ngay, 13 gio, 35 phut, 33 giay ago)","4","0"
"1","158","Dac Nhan Tam","[LThuVien.Author;@28864e92","Kim Dong","VN|Tieng Viet|Vietnamese","12/04/1996 19:24:40 (9732 ngay, 15 gio, 17 phut, 49 giay ago)","44","20"
"3","159","Cach nghi de thanh cong","[LThuVien.Author;@6ea6d14e","Nha xuat ban Lao dong.","TH|Tieng Thanh Hoa|Unknown","CN|Tieng Trung Quoc|Chinese","Vietnamese","16/06/2015 22:25:50 (2728 ngay, 12 gio, 16 phut, 39 giay ago)","11/03/2002 16:17:29 (7573 ngay, 18 gio, 25 phut ago)","10","9"
"4","160","Hat giong tam hon","[LThuVien.Author;@6ad5c04e","Nha xuat ban Quan doi.","EN|Tieng Anh|English","23/03/2012 10:27:02 (3909 ngay, 15 phut, 27 giay ago)","11/05/1982 21:02:26 (14817 ngay, 13 gio, 40 phut, 3 giay ago)","18","3"
"1","161","Cach nghi de thanh cong","[LThuVien.Author;@6833ce2c","Tuoi Tre","VN|Tieng Viet|Vietnamese","21/01/1993 02:17:25 (10910 ngay, 8 gio, 25 phut, 4 giay ago)","57","21"
"1","162","Hat giong tam hon","[LThuVien.Author;@725bef66","NXB Giao Duc","VN|Tieng Viet|Vietnamese","13/06/1995 19:31:29 (10036 ngay, 15 gio, 11 phut ago)","48","4"
"1","163","Uom mam tuong lai","[LThuVien.Author;@2aaf7cc2","Khan Quang Do","29/11/1984 07:44:43 (13885 ngay, 2 gio, 57 phut, 46 giay ago)","4","0"
"1","164","Doc Vi Bat Ky Ai","[LThuVien.Author;@6e3c1e69","NXB Giao Duc","VN|Tieng Viet|Vietnamese","13/06/1995 19:31:29 (10036 ngay, 15 gio, 11 phut ago)","60","28"
"4","165","Quang ganh lo di va vui song","[LThuVien.Author;@1888ff2c","Nha xuat ban Thanh nien.","FR|Tieng Phap|French","14/11/2010 21:56:26 (4403 ngay, 12 gio, 46 phut, 3 giay ago)","21/06/1984 14:10:41 (14045 ngay, 20 gio, 31 phut, 48 giay ago)","30","14"
"4","166","Hat giong tam hon","[LThuVien.Author;@35851384","Nha xuat ban Tu phap.","CN|Tieng Trung Quoc|Chinese","24/12/2014 22:00:12 (2902 ngay, 12 gio, 42 phut, 17 giay ago)","02/09/1993 13:41:25 (10685 ngay, 21 gio, 1 phut, 4 giay ago)","22","15"
"1","167","Tieu thuyet Bo Gia","[LThuVien.Author;@649d209a","NXB Giao Duc","VN|Tieng Viet|Vietnamese","25/05/2000 10:01:36 (8229 ngay, 40 phut, 53 giay ago)","41","1"
"4","168","Cach nghi de thanh cong","[LThuVien.Author;@6adca536","Nha xuat ban Hong Duc.","EN|Tieng Anh|English","05/10/2015 03:42:32 (2618 ngay, 6 gio, 59 phut, 57 giay ago)","07/05/1986 05:25:07 (13361 ngay, 5 gio, 17 phut, 22 giay ago)","40","17"
"3","169","Doc Vi Bat Ky Ai","[LThuVien.Author;@357246de","Nha xuat ban Thanh nien.","TH|Tieng Thanh Hoa|Unknown","EN|Tieng Anh|English","Vietnamese","04/08/2018 03:16:03 (1584 ngay, 7 gio, 26 phut, 26 giay ago)","28/04/1985 23:53:15 (13734 ngay, 10 gio, 49 phut, 14 giay ago)","8","3"
"3","170","Hat giong tam hon","[LThuVien.Author;@28f67ac7","Nha xuat ban Hong Duc.","TH|Tieng Thanh Hoa|Unknown","CN|Tieng Trung Quoc|Chinese","Vietnamese","02/08/2016 14:42:10 (2315 ngay, 20 gio, 19 giay ago)","16/12/1984 10:47:41 (13867 ngay, 23 gio, 54 phut, 48 giay ago)","35","13"
"4","171","Cach nghi de thanh cong","[LThuVien.Author;@256216b3","Nha xuat ban Hong Duc.","EN|Tieng Anh|English","29/09/2019 07:54:26 (1163 ngay, 2 gio, 48 phut, 3 giay ago)","15/09/1983 23:32:20 (14325 ngay, 11 gio, 10 phut, 9 giay ago)","27","25"
"1","172","Hat giong tam hon","[LThuVien.Author;@2a18f23c","Kim Dong","VN|Tieng Viet|Vietnamese","21/01/1993 02:17:25 (10910 ngay, 8 gio, 25 phut, 4 giay ago)","41","16"
"1","173","Hat giong tam hon","[LThuVien.Author;@d7b1517","NXB Giao Duc","VN|Tieng Viet|Vietnamese","21/01/1993 02:17:25 (10910 ngay, 8 gio, 25 phut, 4 giay ago)","49","13"
"1","174","Hoa Xuan","[LThuVien.Author;@16c0663d","Hoa Hoc Tro","21/09/1982 23:35:52 (14684 ngay, 11 gio, 6 phut, 37 giay ago)","21","11"
"1","175","Tieu thuyet Bo Gia","[LThuVien.Author;@23223dd8","Kim Dong","VN|Tieng Viet|Vietnamese","15/11/1987 06:44:06 (12804 ngay, 3 gio, 58 phut, 23 giay ago)","51","4"
"1","176","Cach nghi de thanh cong","[LThuVien.Author;@4ec6a292","Kim Dong","VN|Tieng Viet|Vietnamese","25/09/1989 09:17:13 (12124 ngay, 1 gio, 25 phut, 16 giay ago)","52","1"
"1","177","Tieu thuyet Bo Gia","[LThuVien.Author;@1b40d5f0","NXB Giao Duc","VN|Tieng Viet|Vietnamese","19/08/1986 05:40:35 (13257 ngay, 5 gio, 1 phut, 54 giay ago)","48","22"
"3","178","Tieu thuyet Bo Gia","[LThuVien.Author;@ea4a92b","Nha xuat ban Chinh tri Quoc gia.","TH|Tieng Thanh Hoa|Unknown","RU|Tieng Nga|Russian","vietnamese","22/06/2020 01:31:34 (896 ngay, 9 gio, 10 phut, 55 giay ago)","19/08/1986 05:40:35 (13257 ngay, 5 gio, 1 phut, 54 giay ago)","7","4"
"3","179","Hat giong tam hon","[LThuVien.Author;@3c5a99da","Nha xuat ban Quan doi.","TH|Tieng Thanh Hoa|Unknown","CN|Tieng Trung Quoc|Chinese","English","29/03/2019 20:31:03 (1346 ngay, 14 gio, 11 phut, 26 giay ago)","21/01/1993 02:17:25 (10910 ngay, 8 gio, 25 phut, 4 giay ago)","16","3"
"1","180","Tieu thuyet Bo Gia","[LThuVien.Author;@47f37ef1","NXB Giao Duc","VN|Tieng Viet|Vietnamese","18/11/1988 05:16:32 (12435 ngay, 5 gio, 25 phut, 57 giay ago)","42","3"
"4","181","Cach nghi de thanh cong","[LThuVien.Author;@5a01ccaa","Nha xuat ban Cong an nhan dan.","EN|Tieng Anh|English","11/11/2012 05:02:35 (3676 ngay, 5 gio, 39 phut, 54 giay ago)","17/11/1996 13:09:51 (9513 ngay, 21 gio, 32 phut, 38 giay ago)","6","3"
"4","182","Hat giong tam hon","[LThuVien.Author;@71c7db30","Nha xuat ban Kim Dong.","EN|Tieng Anh|English","26/10/2016 23:49:58 (2230 ngay, 10 gio, 52 phut, 31 giay ago)","28/10/1983 05:58:38 (14283 ngay, 4 gio, 43 phut, 51 giay ago)","25","10"
"1","183","Dac Nhan Tam","[LThuVien.Author;@19bb089b","Tuoi Tre","VN|Tieng Viet|Vietnamese","09/02/1993 04:48:20 (10891 ngay, 5 gio, 54 phut, 9 giay ago)","48","27"
"3","184","Hat giong tam hon","[LThuVien.Author;@4563e9ab","Nha xuat ban Tu phap.","TH|Tieng Thanh Hoa|Unknown","CN|Tieng Trung Quoc|Chinese","Vietnamese","14/03/2012 16:30:56 (3917 ngay, 18 gio, 11 phut, 33 giay ago)","12/04/1996 19:24:40 (9732 ngay, 15 gio, 17 phut, 49 giay ago)","11","7"
"1","185","Doc Vi Bat Ky Ai","[LThuVien.Author;@11531931","NXB Giao Duc","VN|Tieng Viet|Vietnamese","25/05/2000 10:01:36 (8229 ngay, 40 phut, 53 giay ago)","55","26"
"1","186","Bao Lao Dong tuan 4","[LThuVien.Author;@5e025e70","Lao Dong","01/06/1997 00:46:46 (9318 ngay, 9 gio, 55 phut, 43 giay ago)","50","4"
"4","187","Cach nghi de thanh cong","[LThuVien.Author;@1fbc7afb","Nha xuat ban Tu phap.","CN|Tieng Trung Quoc|Chinese","16/09/2013 04:38:14 (3367 ngay, 6 gio, 4 phut, 15 giay ago)","09/11/1989 12:54:20 (12078 ngay, 21 gio, 48 phut, 9 giay ago)","52","9"
"3","188","Cach nghi de thanh cong","[LThuVien.Author;@45c8e616","Nha xuat ban Hong Duc.","TH|Tieng Thanh Hoa|Unknown","FR|Tieng Phap|French","Vietnamese","16/02/2011 00:52:28 (4310 ngay, 9 gio, 50 phut, 1 giay ago)","11/03/2002 16:17:29 (7573 ngay, 18 gio, 25 phut ago)","44","26"
"1","189","Quang ganh lo di va vui song","[LThuVien.Author;@4cdbe50f","Tuoi Tre","VN|Tieng Viet|Vietnamese","21/01/1993 02:17:25 (10910 ngay, 8 gio, 25 phut, 4 giay ago)","43","22"
"3","190","Doc Vi Bat Ky Ai","[LThuVien.Author;@66d33a","Nha xuat ban Chinh tri Quoc gia.","TH|Tieng Thanh Hoa|Unknown","EN|Tieng Anh|English","Vietnamese","20/01/2019 00:03:04 (1415 ngay, 10 gio, 39 phut, 25 giay ago)","28/04/1985 23:53:15 (13734 ngay, 10 gio, 49 phut, 14 giay ago)","12","5"
"3","191","Cach nghi de thanh cong","[LThuVien.Author;@7cf10a6f","Nha xuat ban Chinh tri Quoc gia.","TH|Tieng Thanh Hoa|Unknown","FR|Tieng Phap|French","Vietnamese","21/03/2011 08:07:46 (4277 ngay, 2 gio, 34 phut, 43 giay ago)","12/04/1996 19:24:40 (9732 ngay, 15 gio, 17 phut, 49 giay ago)","9","7"
"1","192","Cach nghi de thanh cong","[LThuVien.Author;@7e0babb1","NXB Giao Duc","VN|Tieng Viet|Vietnamese","15/11/1987 06:44:06 (12804 ngay, 3 gio, 58 phut, 23 giay ago)","52","5"
"1","193","Cach nghi de thanh cong","[LThuVien.Author;@6debcae2","Tuoi Tre","VN|Tieng Viet|Vietnamese","18/11/1988 05:16:32 (12435 ngay, 5 gio, 25 phut, 57 giay ago)","51","12"
"1","194","Cach nghi de thanh cong","[LThuVien.Author;@5ba23b66","NXB Giao Duc","VN|Tieng Viet|Vietnamese","19/08/1986 05:40:35 (13257 ngay, 5 gio, 1 phut, 54 giay ago)","59","9"
"3","195","Doc Vi Bat Ky Ai","[LThuVien.Author;@2ff4f00f","Nha xuat ban Chinh tri Quoc gia.","TH|Tieng Thanh Hoa|Unknown","EN|Tieng Anh|English","Vietnamese","28/07/2012 00:17:19 (3782 ngay, 10 gio, 25 phut, 10 giay ago)","09/02/1993 04:48:20 (10891 ngay, 5 gio, 54 phut, 9 giay ago)","5","2"
"4","196","Cach nghi de thanh cong","[LThuVien.Author;@c818063","Nha xuat ban Kim Dong.","EN|Tieng Anh|English","02/12/2016 08:53:02 (2194 ngay, 1 gio, 49 phut, 27 giay ago)","06/09/1987 01:11:21 (12874 ngay, 9 gio, 31 phut, 8 giay ago)","12","5"
"1","197","Bao Lao Dong tuan 11","[LThuVien.Author;@3f0ee7cb","Lao Dong","03/05/1987 23:26:38 (12999 ngay, 11 gio, 15 phut, 51 giay ago)","30","24"
"1","198","Cach nghi de thanh cong","[LThuVien.Author;@75bd9247","Tuoi Tre","VN|Tieng Viet|Vietnamese","28/04/1985 23:53:15 (13734 ngay, 10 gio, 49 phut, 14 giay ago)","52","23"
"1","199","Quang ganh lo di va vui song","[LThuVien.Author;@7d417077","Kim Dong","VN|Tieng Viet|Vietnamese","18/11/1988 05:16:32 (12435 ngay, 5 gio, 25 phut, 57 giay ago)","41","18"
"3","200","Tieu thuyet Bo Gia","[LThuVien.Author;@7dc36524","Nha xuat ban Thanh nien.","TH|Tieng Thanh Hoa|Unknown","CN|Tieng Trung Quoc|Chinese","Vietnamese","20/12/2020 02:46:54 (715 ngay, 7 gio, 55 phut, 35 giay ago)","12/08/1987 08:42:24 (12899 ngay, 2 gio, 5 giay ago)","4","4"
"1","201","Cach nghi de thanh cong","[LThuVien.Author;@35bbe5e8","Tuoi Tre","VN|Tieng Viet|Vietnamese","16/12/1984 10:47:41 (13867 ngay, 23 gio, 54 phut, 48 giay ago)","57","15"
"4","202","Cach nghi de thanh cong","[LThuVien.Author;@2c8d66b2","Nha xuat ban Cong an nhan dan.","ES|Tieng Tay Ban Nha|Spanish","29/01/2011 07:40:17 (4328 ngay, 3 gio, 2 phut, 12 giay ago)","22/06/1999 21:03:26 (8566 ngay, 13 gio, 39 phut, 3 giay ago)","14","10"
"4","203","Cach nghi de thanh cong","[LThuVien.Author;@5a39699c","Nha xuat ban Lao dong.","CN|Tieng Trung Quoc|Chinese","08/06/2018 21:21:25 (1640 ngay, 13 gio, 21 phut, 4 giay ago)","25/06/1996 19:52:06 (9658 ngay, 14 gio, 50 phut, 23 giay ago)","41","23"
"3","204","Cach nghi de thanh cong","[LThuVien.Author;@3cb5cdba","Nha xuat ban Kim Dong.","TH|Tieng Thanh Hoa|Unknown","RU|Tieng Nga|Russian","vietnamese","12/10/2018 05:33:03 (1515 ngay, 5 gio, 9 phut, 26 giay ago)","13/06/1995 19:31:29 (10036 ngay, 15 gio, 11 phut ago)","10","8"
"4","205","Tieu thuyet Bo Gia","[LThuVien.Author;@56cbfb61","Nha xuat ban Chinh tri Quoc gia.","RU|Tieng Nga|Russian","11/11/2010 01:41:15 (4407 ngay, 9 gio, 1 phut, 14 giay ago)","19/07/1985 12:09:34 (13652 ngay, 22 gio, 32 phut, 55 giay ago)","49","27"
"1","206","Bao Thanh Nien so bao thu 24","[LThuVien.Author;@1134affc","Thanh Nien","16/12/1993 19:10:57 (10580 ngay, 15 gio, 31 phut, 32 giay ago)","40","30"
"1","207","Cach nghi de thanh cong","[LThuVien.Author;@d041cf","NXB Giao Duc","VN|Tieng Viet|Vietnamese","15/11/1987 06:44:06 (12804 ngay, 3 gio, 58 phut, 23 giay ago)","46","2"
"1","208","Doc Vi Bat Ky Ai","[LThuVien.Author;@129a8472","NXB Giao Duc","VN|Tieng Viet|Vietnamese","25/09/1989 09:17:13 (12124 ngay, 1 gio, 25 phut, 16 giay ago)","48","12"
"3","209","Dac Nhan Tam","[LThuVien.Author;@1b0375b3","Nha xuat ban Chinh tri Quoc gia.","TH|Tieng Thanh Hoa|Unknown","CN|Tieng Trung Quoc|Chinese","Vietnamese","26/01/2021 21:11:06 (677 ngay, 13 gio, 31 phut, 23 giay ago)","13/06/1995 19:31:29 (10036 ngay, 15 gio, 11 phut ago)","46","45"
"1","210","Hat giong tam hon","[LThuVien.Author;@2f7c7260","NXB Giao Duc","VN|Tieng Viet|Vietnamese","13/06/1995 19:31:29 (10036 ngay, 15 gio, 11 phut ago)","52","19"
"3","211","Hat giong tam hon","[LThuVien.Author;@2d209079","Nha xuat ban Quan doi.","TH|Tieng Thanh Hoa|Unknown","FR|Tieng Phap|French","Vietnamese","20/02/2017 01:14:38 (2114 ngay, 9 gio, 27 phut, 51 giay ago)","12/04/1996 19:24:40 (9732 ngay, 15 gio, 17 phut, 49 giay ago)","8","4"
"4","212","Hat giong tam hon","[LThuVien.Author;@6bdf28bb","Nha xuat ban Thanh nien.","ES|Tieng Tay Ban Nha|Spanish","06/11/2011 20:28:17 (4046 ngay, 14 gio, 14 phut, 12 giay ago)","20/10/1991 06:59:17 (11369 ngay, 3 gio, 43 phut, 12 giay ago)","60","37"
"1","213","Cach nghi de thanh cong","[LThuVien.Author;@6b71769e","NXB Giao Duc","VN|Tieng Viet|Vietnamese","09/02/1993 04:48:20 (10891 ngay, 5 gio, 54 phut, 9 giay ago)","57","7"
"4","214","Dac Nhan Tam","[LThuVien.Author;@2752f6e2","Nha xuat ban Kim Dong.","EN|Tieng Anh|English","24/08/2019 17:23:40 (1198 ngay, 17 gio, 18 phut, 49 giay ago)","12/08/1988 06:59:39 (12533 ngay, 3 gio, 42 phut, 50 giay ago)","57","49"
"3","215","Doc Vi Bat Ky Ai","[LThuVien.Author;@e580929","Nha xuat ban Kim Dong.","TH|Tieng Thanh Hoa|Unknown","CN|Tieng Trung Quoc|Chinese","Vietnamese","31/03/2017 04:03:59 (2075 ngay, 6 gio, 38 phut, 30 giay ago)","09/02/1993 04:48:20 (10891 ngay, 5 gio, 54 phut, 9 giay ago)","46","23"
"3","216","Doc Vi Bat Ky Ai","[LThuVien.Author;@1cd072a9","Nha xuat ban Hong Duc.","TH|Tieng Thanh Hoa|Unknown","CN|Tieng Trung Quoc|Chinese","Vietnamese","22/05/2015 09:09:41 (2754 ngay, 1 gio, 32 phut, 48 giay ago)","25/09/1989 09:17:13 (12124 ngay, 1 gio, 25 phut, 16 giay ago)","26","22"
"1","217","Doc Vi Bat Ky Ai","[LThuVien.Author;@7c75222b","Kim Dong","VN|Tieng Viet|Vietnamese","19/08/1986 05:40:35 (13257 ngay, 5 gio, 1 phut, 54 giay ago)","54","11"
"4","218","Hat giong tam hon","[LThuVien.Author;@4c203ea1","Nha xuat ban Chinh tri Quoc gia.","CN|Tieng Trung Quoc|Chinese","03/04/2020 15:18:02 (975 ngay, 19 gio, 24 phut, 27 giay ago)","01/11/1989 22:35:05 (12086 ngay, 12 gio, 7 phut, 24 giay ago)","52","44"
"1","219","Hat giong tam hon","[LThuVien.Author;@27f674d","Tuoi Tre","VN|Tieng Viet|Vietnamese","13/06/1995 19:31:29 (10036 ngay, 15 gio, 11 phut ago)","47","23"
"3","220","Cach nghi de thanh cong","[LThuVien.Author;@1d251891","Nha xuat ban Hong Duc.","TH|Tieng Thanh Hoa|Unknown","KR|Tieng Nam Han|Korean","English","17/02/2018 20:02:26 (1751 ngay, 14 gio, 40 phut, 3 giay ago)","16/12/1984 10:47:41 (13867 ngay, 23 gio, 54 phut, 48 giay ago)","14","7"
"4","221","Doc Vi Bat Ky Ai","[LThuVien.Author;@48140564","Nha xuat ban Thanh nien.","JP|Tieng Nhat|Japanese","13/07/2011 11:50:05 (4162 ngay, 22 gio, 52 phut, 24 giay ago)","01/02/1992 18:57:38 (11264 ngay, 15 gio, 44 phut, 51 giay ago)","36","36"
"3","222","Dac Nhan Tam","[LThuVien.Author;@58ceff1","Nha xuat ban Tu phap.","TH|Tieng Thanh Hoa|Unknown","FR|Tieng Phap|French","Vietnamese","29/05/2017 05:52:09 (2016 ngay, 4 gio, 50 phut, 20 giay ago)","18/11/1988 05:16:32 (12435 ngay, 5 gio, 25 phut, 57 giay ago)","2","0"
"4","223","Cach nghi de thanh cong","[LThuVien.Author;@7c30a502","Nha xuat ban Quan doi.","EN|Tieng Anh|English","30/04/2014 01:04:33 (3141 ngay, 9 gio, 37 phut, 56 giay ago)","25/07/1984 18:57:39 (14011 ngay, 15 gio, 44 phut, 50 giay ago)","42","2"
"4","224","Cach nghi de thanh cong","[LThuVien.Author;@49e4cb85","Nha xuat ban Kim Dong.","EN|Tieng Anh|English","28/10/2019 11:56:59 (1133 ngay, 22 gio, 45 phut, 30 giay ago)","18/09/1988 20:47:38 (12495 ngay, 13 gio, 54 phut, 51 giay ago)","45","40"
"4","225","Tieu thuyet Bo Gia","[LThuVien.Author;@2133c8f8","Nha xuat ban Tu phap.","EN|Tieng Anh|English","22/04/2015 08:40:31 (2784 ngay, 2 gio, 1 phut, 58 giay ago)","12/06/1991 07:07:59 (11499 ngay, 3 gio, 34 phut, 30 giay ago)","57","23"
"4","226","Cach nghi de thanh cong","[LThuVien.Author;@43a25848","Nha xuat ban Thanh nien.","EN|Tieng Anh|English","24/12/2012 03:09:54 (3633 ngay, 7 gio, 32 phut, 35 giay ago)","30/07/1986 08:57:18 (13277 ngay, 1 gio, 45 phut, 11 giay ago)","36","8"
"4","227","Tieu thuyet Bo Gia","[LThuVien.Author;@3ac3fd8b","Nha xuat ban Hong Duc.","EN|Tieng Anh|English","26/10/2018 22:54:55 (1500 ngay, 11 gio, 47 phut, 34 giay ago)","16/11/1980 00:00:44 (15359 ngay, 10 gio, 41 phut, 45 giay ago)","17","13"
"3","228","Cach nghi de thanh cong","[LThuVien.Author;@5594a1b5","Nha xuat ban Chinh tri Quoc gia.","TH|Tieng Thanh Hoa|Unknown","FR|Tieng Phap|French","Vietnamese","06/05/2012 04:32:32 (3865 ngay, 6 gio, 9 phut, 57 giay ago)","25/05/2000 10:01:36 (8229 ngay, 40 phut, 53 giay ago)","23","17"
"1","229","Cach nghi de thanh cong","[LThuVien.Author;@6a5fc7f7","Tuoi Tre","VN|Tieng Viet|Vietnamese","28/04/1985 23:53:15 (13734 ngay, 10 gio, 49 phut, 14 giay ago)","48","4"
"3","230","Cach nghi de thanh cong","[LThuVien.Author;@3b6eb2ec","Nha xuat ban Kim Dong.","TH|Tieng Thanh Hoa|Unknown","EN|Tieng Anh|English","Vietnamese","29/08/2015 23:53:39 (2654 ngay, 10 gio, 48 phut, 50 giay ago)","11/03/2002 16:17:29 (7573 ngay, 18 gio, 25 phut ago)","35","10"
"1","231","Hat giong tam hon","[LThuVien.Author;@1e643faf","Tuoi Tre","VN|Tieng Viet|Vietnamese","18/11/1988 05:16:32 (12435 ngay, 5 gio, 25 phut, 57 giay ago)","47","6"
"3","232","Dac Nhan Tam","[LThuVien.Author;@6e8dacdf","Nha xuat ban Lao dong.","TH|Tieng Thanh Hoa|Unknown","CN|Tieng Trung Quoc|Chinese","English","12/12/2018 17:30:47 (1453 ngay, 17 gio, 11 phut, 42 giay ago)","25/09/1989 09:17:13 (12124 ngay, 1 gio, 25 phut, 16 giay ago)","21","16"
"1","233","Cach nghi de thanh cong","[LThuVien.Author;@7a79be86","NXB Giao Duc","VN|Tieng Viet|Vietnamese","28/04/1985 23:53:15 (13734 ngay, 10 gio, 49 phut, 14 giay ago)","56","12"
"3","234","Quang ganh lo di va vui song","[LThuVien.Author;@34ce8af7","Nha xuat ban Tu phap.","TH|Tieng Thanh Hoa|Unknown","FR|Tieng Phap|French","Vietnamese","13/02/2019 19:53:30 (1390 ngay, 14 gio, 48 phut, 59 giay ago)","28/04/1985 23:53:15 (13734 ngay, 10 gio, 49 phut, 14 giay ago)","2","2"
"3","235","Hat giong tam hon","[LThuVien.Author;@b684286","Nha xuat ban Hong Duc.","TH|Tieng Thanh Hoa|Unknown","EN|Tieng Anh|English","Vietnamese","30/01/2011 21:32:06 (4326 ngay, 13 gio, 10 phut, 23 giay ago)","19/08/1986 05:40:35 (13257 ngay, 5 gio, 1 phut, 54 giay ago)","1","0"
"4","236","Hat giong tam hon","[LThuVien.Author;@880ec60","Nha xuat ban Kim Dong.","KR|Tieng Nam Han|Korean","15/05/2018 02:55:25 (1665 ngay, 7 gio, 47 phut, 4 giay ago)","09/01/1987 04:04:38 (13114 ngay, 6 gio, 37 phut, 51 giay ago)","47","9"
"4","237","Tieu thuyet Bo Gia","[LThuVien.Author;@3f3afe78","Nha xuat ban Thanh nien.","FR|Tieng Phap|French","26/11/2010 00:25:29 (4392 ngay, 10 gio, 17 phut ago)","10/06/1994 18:10:56 (10404 ngay, 16 gio, 31 phut, 33 giay ago)","15","9"
"3","238","Quang ganh lo di va vui song","[LThuVien.Author;@7f63425a","Nha xuat ban Thanh nien.","TH|Tieng Thanh Hoa|Unknown","EN|Tieng Anh|English","Vietnamese","11/08/2017 14:12:29 (1941 ngay, 20 gio, 30 phut ago)","15/11/1987 06:44:06 (12804 ngay, 3 gio, 58 phut, 23 giay ago)","12","2"
"1","239","Tieu thuyet Bo Gia","[LThuVien.Author;@36d64342","Tuoi Tre","VN|Tieng Viet|Vietnamese","25/09/1989 09:17:13 (12124 ngay, 1 gio, 25 phut, 16 giay ago)","48","10"
"1","240","Xuan Yeu Thuong","[LThuVien.Author;@39ba5a14","Hoa Hoc Tro","10/08/1993 01:19:39 (10709 ngay, 9 gio, 22 phut, 50 giay ago)","50","0"
"4","241","Cach nghi de thanh cong","[LThuVien.Author;@511baa65","Nha xuat ban Quan doi.","CN|Tieng Trung Quoc|Chinese","18/11/2016 10:23:51 (2208 ngay, 18 phut, 38 giay ago)","17/04/1987 23:39:41 (13015 ngay, 11 gio, 2 phut, 48 giay ago)","45","39"
"1","242","Cach nghi de thanh cong","[LThuVien.Author;@340f438e","Kim Dong","VN|Tieng Viet|Vietnamese","28/04/1985 23:53:15 (13734 ngay, 10 gio, 49 phut, 14 giay ago)","42","18"
"3","243","Tieu thuyet Bo Gia","[LThuVien.Author;@30c7da1e","Nha xuat ban Tu phap.","TH|Tieng Thanh Hoa|Unknown","EN|Tieng Anh|English","Vietnamese","07/01/2011 15:40:04 (4349 ngay, 19 gio, 2 phut, 25 giay ago)","12/08/1987 08:42:24 (12899 ngay, 2 gio, 5 giay ago)","3","1"
"4","244","Cach nghi de thanh cong","[LThuVien.Author;@5b464ce8","Nha xuat ban Chinh tri Quoc gia.","CN|Tieng Trung Quoc|Chinese","23/01/2019 04:17:56 (1412 ngay, 6 gio, 24 phut, 33 giay ago)","09/11/1987 04:38:59 (12810 ngay, 6 gio, 3 phut, 30 giay ago)","5","5"
"3","245","Dac Nhan Tam","[LThuVien.Author;@57829d67","Nha xuat ban Hong Duc.","TH|Tieng Thanh Hoa|Unknown","JP|Tieng Nhat|Japanese","vietnamese","30/09/2014 12:56:32 (2987 ngay, 21 gio, 45 phut, 57 giay ago)","28/04/1985 23:53:15 (13734 ngay, 10 gio, 49 phut, 14 giay ago)","29","21"
"1","246","Tieu thuyet Bo Gia","[LThuVien.Author;@19dfb72a","Tuoi Tre","VN|Tieng Viet|Vietnamese","11/03/2002 16:17:29 (7573 ngay, 18 gio, 25 phut ago)","48","13"
"1","247","Quang ganh lo di va vui song","[LThuVien.Author;@17c68925","NXB Giao Duc","VN|Tieng Viet|Vietnamese","12/04/1996 19:24:40 (9732 ngay, 15 gio, 17 phut, 49 giay ago)","41","26"
"1","248","Hat giong tam hon","[LThuVien.Author;@7e0ea639","Kim Dong","VN|Tieng Viet|Vietnamese","09/02/1993 04:48:20 (10891 ngay, 5 gio, 54 phut, 9 giay ago)","58","4"
"1","249","Quang ganh lo di va vui song","[LThuVien.Author;@3d24753a","NXB Giao Duc","VN|Tieng Viet|Vietnamese","25/05/2000 10:01:36 (8229 ngay, 40 phut, 53 giay ago)","54","26"
"4","250","Tieu thuyet Bo Gia","[LThuVien.Author;@59a6e353","Nha xuat ban Chinh tri Quoc gia.","CN|Tieng Trung Quoc|Chinese","14/09/2012 19:07:57 (3733 ngay, 15 gio, 34 phut, 32 giay ago)","25/12/1995 02:00:40 (9842 ngay, 8 gio, 41 phut, 49 giay ago)","24","8"
"4","251","Cach nghi de thanh cong","[LThuVien.Author;@7a0ac6e3","Nha xuat ban Hong Duc.","KR|Tieng Nam Han|Korean","02/11/2020 16:59:37 (762 ngay, 17 gio, 42 phut, 52 giay ago)","17/02/1987 17:14:25 (13074 ngay, 17 gio, 28 phut, 4 giay ago)","20","4"
"1","252","Hoa Nang","[LThuVien.Author;@71be98f5","Hoa Hoc Tro","20/10/1999 07:13:29 (8447 ngay, 3 gio, 29 phut ago)","21","14"
"3","253","Cach nghi de thanh cong","[LThuVien.Author;@6fadae5d","Nha xuat ban Thanh nien.","TH|Tieng Thanh Hoa|Unknown","ES|Tieng Tay Ban Nha|Spanish","Vietnamese","10/06/2019 20:53:19 (1273 ngay, 13 gio, 49 phut, 10 giay ago)","19/08/1986 05:40:35 (13257 ngay, 5 gio, 1 phut, 54 giay ago)","3","3"
"3","254","Cach nghi de thanh cong","[LThuVien.Author;@17f6480","Nha xuat ban Chinh tri Quoc gia.","TH|Tieng Thanh Hoa|Unknown","JP|Tieng Nhat|Japanese","English","03/08/2019 05:40:52 (1220 ngay, 5 gio, 1 phut, 37 giay ago)","09/02/1993 04:48:20 (10891 ngay, 5 gio, 54 phut, 9 giay ago)","15","9"
"4","255","Cach nghi de thanh cong","[LThuVien.Author;@2d6e8792","Nha xuat ban Kim Dong.","RU|Tieng Nga|Russian","06/05/2012 18:04:37 (3864 ngay, 16 gio, 37 phut, 52 giay ago)","27/01/1998 10:06:40 (9078 ngay, 35 phut, 49 giay ago)","3","3"
"1","256","Cach nghi de thanh cong","[LThuVien.Author;@2812cbfa","NXB Giao Duc","VN|Tieng Viet|Vietnamese","18/11/1988 05:16:32 (12435 ngay, 5 gio, 25 phut, 57 giay ago)","52","23"
"1","257","Ngay dang nho","[LThuVien.Author;@2acf57e3","Hoa Hoc Tro","24/08/1992 01:14:28 (11060 ngay, 9 gio, 28 phut, 1 giay ago)","11","8"
"4","258","Dac Nhan Tam","[LThuVien.Author;@506e6d5e","Nha xuat ban Hong Duc.","EN|Tieng Anh|English","01/12/2013 00:44:04 (3291 ngay, 9 gio, 58 phut, 25 giay ago)","09/08/1988 12:56:30 (12535 ngay, 21 gio, 45 phut, 59 giay ago)","12","10"
"4","259","Doc Vi Bat Ky Ai","[LThuVien.Author;@96532d6","Nha xuat ban Hong Duc.","CN|Tieng Trung Quoc|Chinese","17/05/2015 02:48:59 (2759 ngay, 7 gio, 53 phut, 30 giay ago)","28/11/1988 19:59:49 (12424 ngay, 14 gio, 42 phut, 40 giay ago)","26","14"
"4","260","Cach nghi de thanh cong","[LThuVien.Author;@3796751b","Nha xuat ban Kim Dong.","EN|Tieng Anh|English","05/02/2011 07:21:02 (4321 ngay, 3 gio, 21 phut, 27 giay ago)","15/09/1997 14:19:37 (9211 ngay, 20 gio, 22 phut, 52 giay ago)","45","38"
"1","261","Doc Vi Bat Ky Ai","[LThuVien.Author;@67b64c45","Tuoi Tre","VN|Tieng Viet|Vietnamese","25/05/2000 10:01:36 (8229 ngay, 40 phut, 53 giay ago)","59","8"
"4","262","Dac Nhan Tam","[LThuVien.Author;@4411d970","Nha xuat ban Hong Duc.","EN|Tieng Anh|English","09/07/2012 22:15:19 (3800 ngay, 12 gio, 27 phut, 10 giay ago)","21/03/1981 13:42:56 (15233 ngay, 20 gio, 59 phut, 33 giay ago)","17","9"
"1","263","Doc Vi Bat Ky Ai","[LThuVien.Author;@6442b0a6","Tuoi Tre","VN|Tieng Viet|Vietnamese","12/08/1987 08:42:24 (12899 ngay, 2 gio, 5 giay ago)","45","3"
"3","264","Dac Nhan Tam","[LThuVien.Author;@60f82f98","Nha xuat ban Lao dong.","TH|Tieng Thanh Hoa|Unknown","KR|Tieng Nam Han|Korean","English","21/09/2020 08:49:41 (805 ngay, 1 gio, 52 phut, 48 giay ago)","11/03/2002 16:17:29 (7573 ngay, 18 gio, 25 phut ago)","9","9"
"3","265","Cach nghi de thanh cong","[LThuVien.Author;@35f983a6","Nha xuat ban Cong an nhan dan.","TH|Tieng Thanh Hoa|Unknown","CN|Tieng Trung Quoc|Chinese","English","07/04/2019 23:42:13 (1337 ngay, 11 gio, 16 giay ago)","25/05/2000 10:01:36 (8229 ngay, 40 phut, 53 giay ago)","7","1"
"1","266","Cach nghi de thanh cong","[LThuVien.Author;@7f690630","Kim Dong","VN|Tieng Viet|Vietnamese","15/11/1987 06:44:06 (12804 ngay, 3 gio, 58 phut, 23 giay ago)","43","4"
"1","267","Giai do Le Quy Don","[LThuVien.Author;@edf4efb","Khan Quang Do","24/04/1999 11:52:18 (8625 ngay, 22 gio, 50 phut, 11 giay ago)","7","5"
"3","268","Quang ganh lo di va vui song","[LThuVien.Author;@2f7a2457","Nha xuat ban Thanh nien.","TH|Tieng Thanh Hoa|Unknown","CN|Tieng Trung Quoc|Chinese","Vietnamese","21/06/2014 22:32:59 (3088 ngay, 12 gio, 9 phut, 30 giay ago)","15/11/1987 06:44:06 (12804 ngay, 3 gio, 58 phut, 23 giay ago)","15","8"
"3","269","Cach nghi de thanh cong","[LThuVien.Author;@566776ad","Nha xuat ban Tu phap.","TH|Tieng Thanh Hoa|Unknown","KR|Tieng Nam Han|Korean","Vietnamese","06/01/2017 02:20:51 (2159 ngay, 8 gio, 21 phut, 38 giay ago)","25/05/2000 10:01:36 (8229 ngay, 40 phut, 53 giay ago)","49","35"
"1","270","Dac Nhan Tam","[LThuVien.Author;@6108b2d7","Tuoi Tre","VN|Tieng Viet|Vietnamese","21/01/1993 02:17:25 (10910 ngay, 8 gio, 25 phut, 4 giay ago)","57","11"
"3","271","Hat giong tam hon","[LThuVien.Author;@1554909b","Nha xuat ban Quan doi.","TH|Tieng Thanh Hoa|Unknown","EN|Tieng Anh|English","Vietnamese","23/03/2014 17:59:01 (3178 ngay, 16 gio, 43 phut, 28 giay ago)","16/12/1984 10:47:41 (13867 ngay, 23 gio, 54 phut, 48 giay ago)","21","9"
"4","272","Cach nghi de thanh cong","[LThuVien.Author;@6bf256fa","Nha xuat ban Thanh nien.","EN|Tieng Anh|English","25/07/2011 15:13:55 (4150 ngay, 19 gio, 28 phut, 34 giay ago)","26/08/1988 02:01:39 (12519 ngay, 8 gio, 40 phut, 50 giay ago)","27","27"
"1","273","Bao Thanh Nien so bao thu 42","[LThuVien.Author;@6cd8737","Thanh Nien","14/02/1997 07:20:55 (9425 ngay, 3 gio, 21 phut, 34 giay ago)","6","1"
"4","274","Hat giong tam hon","[LThuVien.Author;@22f71333","Nha xuat ban Chinh tri Quoc gia.","EN|Tieng Anh|English","07/10/2010 00:21:14 (4442 ngay, 10 gio, 21 phut, 15 giay ago)","20/07/1995 07:05:05 (10000 ngay, 3 gio, 37 phut, 24 giay ago)","13","0"
"1","275","Cach nghi de thanh cong","[LThuVien.Author;@13969fbe","Kim Dong","VN|Tieng Viet|Vietnamese","19/06/1991 21:06:56 (11491 ngay, 13 gio, 35 phut, 33 giay ago)","47","5"
"4","276","Cach nghi de thanh cong","[LThuVien.Author;@6aaa5eb0","Nha xuat ban Chinh tri Quoc gia.","EN|Tieng Anh|English","18/04/2012 18:45:44 (3882 ngay, 15 gio, 56 phut, 45 giay ago)","19/08/1989 08:23:20 (12161 ngay, 2 gio, 19 phut, 9 giay ago)","29","24"
"1","277","Bao Lao Dong tuan 71","[LThuVien.Author;@3498ed","Lao Dong","10/12/1984 21:29:06 (13873 ngay, 13 gio, 13 phut, 23 giay ago)","6","2"
"1","278","Quang ganh lo di va vui song","[LThuVien.Author;@1a407d53","Tuoi Tre","VN|Tieng Viet|Vietnamese","19/06/1991 21:06:56 (11491 ngay, 13 gio, 35 phut, 33 giay ago)","55","21"
"1","279","Bao Lao Dong tuan 12","[LThuVien.Author;@3d8c7aca","Lao Dong","15/03/1989 14:45:15 (12317 ngay, 19 gio, 57 phut, 14 giay ago)","37","28"
"1","280","Bao Lao Dong tuan 24","[LThuVien.Author;@5ebec15","Lao Dong","21/04/1997 20:15:38 (9358 ngay, 14 gio, 26 phut, 51 giay ago)","31","28"
"3","281","Doc Vi Bat Ky Ai","[LThuVien.Author;@21bcffb5","Nha xuat ban Quan doi.","TH|Tieng Thanh Hoa|Unknown","KR|Tieng Nam Han|Korean","Vietnamese","29/08/2013 14:18:13 (3384 ngay, 20 gio, 24 phut, 16 giay ago)","28/04/1985 23:53:15 (13734 ngay, 10 gio, 49 phut, 14 giay ago)","34","9"
"1","282","Quang ganh lo di va vui song","[LThuVien.Author;@380fb434","Kim Dong","VN|Tieng Viet|Vietnamese","21/01/1993 02:17:25 (10910 ngay, 8 gio, 25 phut, 4 giay ago)","45","12"
"1","283","Quang ganh lo di va vui song","[LThuVien.Author;@668bc3d5","Kim Dong","VN|Tieng Viet|Vietnamese","21/01/1993 02:17:25 (10910 ngay, 8 gio, 25 phut, 4 giay ago)","53","30"
"1","284","Hat giong tam hon","[LThuVien.Author;@3cda1055","NXB Giao Duc","VN|Tieng Viet|Vietnamese","13/06/1995 19:31:29 (10036 ngay, 15 gio, 11 phut ago)","60","21"
"3","285","Quang ganh lo di va vui song","[LThuVien.Author;@7a5d012c","Nha xuat ban Chinh tri Quoc gia.","TH|Tieng Thanh Hoa|Unknown","EN|Tieng Anh|English","Vietnamese","30/08/2016 11:03:44 (2287 ngay, 23 gio, 38 phut, 45 giay ago)","16/12/1984 10:47:41 (13867 ngay, 23 gio, 54 phut, 48 giay ago)","21","0"
"3","286","Hat giong tam hon","[LThuVien.Author;@3fb6a447","Nha xuat ban Thanh nien.","TH|Tieng Thanh Hoa|Unknown","EN|Tieng Anh|English","Vietnamese","06/03/2018 09:03:49 (1735 ngay, 1 gio, 38 phut, 40 giay ago)","19/06/1991 21:06:56 (11491 ngay, 13 gio, 35 phut, 33 giay ago)","5","2"
"1","287","Cach nghi de thanh cong","[LThuVien.Author;@79b4d0f","Kim Dong","VN|Tieng Viet|Vietnamese","11/03/2002 16:17:29 (7573 ngay, 18 gio, 25 phut ago)","46","20"
"4","288","Tieu thuyet Bo Gia","[LThuVien.Author;@6b2fad11","Nha xuat ban Quan doi.","EN|Tieng Anh|English","17/10/2010 19:45:13 (4431 ngay, 14 gio, 57 phut, 16 giay ago)","23/10/1986 15:21:49 (13191 ngay, 19 gio, 20 phut, 40 giay ago)","56","8"
"1","289","Hat giong tam hon","[LThuVien.Author;@79698539","NXB Giao Duc","VN|Tieng Viet|Vietnamese","12/08/1987 08:42:24 (12899 ngay, 2 gio, 5 giay ago)","59","24"
"1","290","Dac Nhan Tam","[LThuVien.Author;@73f792cf","Kim Dong","VN|Tieng Viet|Vietnamese","12/04/1996 19:24:40 (9732 ngay, 15 gio, 17 phut, 49 giay ago)","58","30"
"3","291","Tieu thuyet Bo Gia","[LThuVien.Author;@2ed94a8b","Nha xuat ban Hong Duc.","TH|Tieng Thanh Hoa|Unknown","ES|Tieng Tay Ban Nha|Spanish","English","02/08/2016 08:43:33 (2316 ngay, 1 gio, 58 phut, 56 giay ago)","18/11/1988 05:16:32 (12435 ngay, 5 gio, 25 phut, 57 giay ago)","22","12"
"4","292","Cach nghi de thanh cong","[LThuVien.Author;@38082d64","Nha xuat ban Chinh tri Quoc gia.","EN|Tieng Anh|English","05/05/2018 08:23:37 (1675 ngay, 2 gio, 18 phut, 52 giay ago)","28/03/1998 06:06:02 (9018 ngay, 4 gio, 36 phut, 27 giay ago)","35","31"
"4","293","Cach nghi de thanh cong","[LThuVien.Author;@dfd3711","Nha xuat ban Quan doi.","ES|Tieng Tay Ban Nha|Spanish","04/08/2012 18:19:28 (3774 ngay, 16 gio, 23 phut, 1 giay ago)","02/05/1982 01:06:15 (14827 ngay, 9 gio, 36 phut, 14 giay ago)","48","46"
"1","294","Hat giong tam hon","[LThuVien.Author;@42d3bd8b","Kim Dong","VN|Tieng Viet|Vietnamese","25/09/1989 09:17:13 (12124 ngay, 1 gio, 25 phut, 16 giay ago)","60","16"
"4","295","Dac Nhan Tam","[LThuVien.Author;@26ba2a48","Nha xuat ban Kim Dong.","ES|Tieng Tay Ban Nha|Spanish","26/03/2017 18:14:38 (2079 ngay, 16 gio, 27 phut, 51 giay ago)","02/02/1985 10:23:54 (13820 ngay, 18 phut, 35 giay ago)","59","3"
"4","296","Doc Vi Bat Ky Ai","[LThuVien.Author;@5f2050f6","Nha xuat ban Thanh nien.","CN|Tieng Trung Quoc|Chinese","10/11/2015 18:52:12 (2581 ngay, 15 gio, 50 phut, 17 giay ago)","30/12/1991 09:28:37 (11298 ngay, 1 gio, 13 phut, 52 giay ago)","25","13"
"4","297","Dac Nhan Tam","[LThuVien.Author;@3b81a1bc","Nha xuat ban Quan doi.","CN|Tieng Trung Quoc|Chinese","23/10/2020 02:08:51 (773 ngay, 8 gio, 33 phut, 38 giay ago)","20/12/1988 04:53:16 (12403 ngay, 5 gio, 49 phut, 13 giay ago)","16","5"
"1","298","Dac Nhan Tam","[LThuVien.Author;@64616ca2","Kim Dong","VN|Tieng Viet|Vietnamese","16/12/1984 10:47:41 (13867 ngay, 23 gio, 54 phut, 48 giay ago)","58","11"
"1","299","Quang ganh lo di va vui song","[LThuVien.Author;@13fee20c","Kim Dong","VN|Tieng Viet|Vietnamese","12/08/1987 08:42:24 (12899 ngay, 2 gio, 5 giay ago)","51","23"
"3","300","Hat giong tam hon","[LThuVien.Author;@4e04a765","Nha xuat ban Thanh nien.","TH|Tieng Thanh Hoa|Unknown","ES|Tieng Tay Ban Nha|Spanish","English","29/10/2016 14:16:23 (2227 ngay, 20 gio, 26 phut, 6 giay ago)","15/11/1987 06:44:06 (12804 ngay, 3 gio, 58 phut, 23 giay ago)","16","1"
"3","301","Tieu thuyet Bo Gia","[LThuVien.Author;@783e6358","Nha xuat ban Hong Duc.","TH|Tieng Thanh Hoa|Unknown","RU|Tieng Nga|Russian","English","16/08/2020 22:02:44 (840 ngay, 12 gio, 39 phut, 45 giay ago)","21/01/1993 02:17:25 (10910 ngay, 8 gio, 25 phut, 4 giay ago)","10","5"
"1","302","Cach nghi de thanh cong","[LThuVien.Author;@17550481","NXB Giao Duc","VN|Tieng Viet|Vietnamese","28/04/1985 23:53:15 (13734 ngay, 10 gio, 49 phut, 14 giay ago)","53","6"
"3","303","Quang ganh lo di va vui song","[LThuVien.Author;@735f7ae5","Nha xuat ban Quan doi.","TH|Tieng Thanh Hoa|Unknown","CN|Tieng Trung Quoc|Chinese","Vietnamese","09/03/2020 04:54:09 (1001 ngay, 5 gio, 48 phut, 20 giay ago)","28/04/1985 23:53:15 (13734 ngay, 10 gio, 49 phut, 14 giay ago)","6","2"
"1","304","Lan toa","[LThuVien.Author;@180bc464","Hoa Hoc Tro","12/10/1997 12:21:51 (9184 ngay, 22 gio, 20 phut, 38 giay ago)","43","29"
"1","305","Quang ganh lo di va vui song","[LThuVien.Author;@1324409e","NXB Giao Duc","VN|Tieng Viet|Vietnamese","25/05/2000 10:01:36 (8229 ngay, 40 phut, 53 giay ago)","41","19"
"3","306","Doc Vi Bat Ky Ai","[LThuVien.Author;@2c6a3f77","Nha xuat ban Hong Duc.","TH|Tieng Thanh Hoa|Unknown","EN|Tieng Anh|English","Vietnamese","30/05/2017 08:25:51 (2015 ngay, 2 gio, 16 phut, 38 giay ago)","25/05/2000 10:01:36 (8229 ngay, 40 phut, 53 giay ago)","4","2"
"4","307","Quang ganh lo di va vui song","[LThuVien.Author;@246ae04d","Nha xuat ban Thanh nien.","KR|Tieng Nam Han|Korean","10/05/2014 21:27:08 (3130 ngay, 13 gio, 15 phut, 21 giay ago)","29/04/1996 01:54:15 (9716 ngay, 8 gio, 48 phut, 14 giay ago)","22","9"
"3","308","Cach nghi de thanh cong","[LThuVien.Author;@62043840","Nha xuat ban Chinh tri Quoc gia.","TH|Tieng Thanh Hoa|Unknown","RU|Tieng Nga|Russian","English","15/09/2016 14:50:05 (2271 ngay, 19 gio, 52 phut, 24 giay ago)","25/09/1989 09:17:13 (12124 ngay, 1 gio, 25 phut, 16 giay ago)","3","2"
"1","309","Tieu thuyet Bo Gia","[LThuVien.Author;@5315b42e","Tuoi Tre","VN|Tieng Viet|Vietnamese","16/12/1984 10:47:41 (13867 ngay, 23 gio, 54 phut, 48 giay ago)","47","5"
"4","310","Hat giong tam hon","[LThuVien.Author;@2ef9b8bc","Nha xuat ban Kim Dong.","EN|Tieng Anh|English","29/06/2015 13:28:44 (2715 ngay, 21 gio, 13 phut, 45 giay ago)","24/12/1991 01:10:38 (11304 ngay, 9 gio, 31 phut, 51 giay ago)","60","58"
"4","311","Hat giong tam hon","[LThuVien.Author;@5d624da6","Nha xuat ban Quan doi.","EN|Tieng Anh|English","15/10/2010 23:23:55 (4433 ngay, 11 gio, 18 phut, 34 giay ago)","22/06/1990 20:30:05 (11853 ngay, 14 gio, 12 phut, 24 giay ago)","10","3"
"4","312","Cach nghi de thanh cong","[LThuVien.Author;@1e67b872","Nha xuat ban Lao dong.","FR|Tieng Phap|French","19/12/2018 02:02:44 (1447 ngay, 8 gio, 39 phut, 45 giay ago)","09/02/1999 23:50:56 (8699 ngay, 10 gio, 51 phut, 33 giay ago)","25","6"
"1","313","Lop hoc ki thu","[LThuVien.Author;@60addb54","Hoa Hoc Tro","08/02/2000 22:39:05 (8335 ngay, 12 gio, 3 phut, 24 giay ago)","34","19"
"4","314","Quang ganh lo di va vui song","[LThuVien.Author;@3f2a3a5","Nha xuat ban Cong an nhan dan.","FR|Tieng Phap|French","22/06/2015 08:13:58 (2723 ngay, 2 gio, 28 phut, 31 giay ago)","29/01/1983 09:05:12 (14555 ngay, 1 gio, 37 phut, 17 giay ago)","14","7"
"1","315","Dac Nhan Tam","[LThuVien.Author;@4cb2c100","Tuoi Tre","VN|Tieng Viet|Vietnamese","19/08/1986 05:40:35 (13257 ngay, 5 gio, 1 phut, 54 giay ago)","60","6"
"1","316","Tieu thuyet Bo Gia","[LThuVien.Author;@6fb554cc","NXB Giao Duc","VN|Tieng Viet|Vietnamese","16/12/1984 10:47:41 (13867 ngay, 23 gio, 54 phut, 48 giay ago)","49","26"
"3","317","Hat giong tam hon","[LThuVien.Author;@614c5515","Nha xuat ban Kim Dong.","TH|Tieng Thanh Hoa|Unknown","KR|Tieng Nam Han|Korean","English","03/12/2012 09:46:50 (3654 ngay, 55 phut, 39 giay ago)","09/02/1993 04:48:20 (10891 ngay, 5 gio, 54 phut, 9 giay ago)","1","0"
"3","318","Hat giong tam hon","[LThuVien.Author;@77b52d12","Nha xuat ban Thanh nien.","TH|Tieng Thanh Hoa|Unknown","KR|Tieng Nam Han|Korean","Vietnamese","05/11/2020 02:47:48 (760 ngay, 7 gio, 54 phut, 41 giay ago)","13/06/1995 19:31:29 (10036 ngay, 15 gio, 11 phut ago)","11","9"
"1","319","Bao Thanh Nien so bao thu 50","[LThuVien.Author;@2d554825","Thanh Nien","29/09/1985 20:12:39 (13580 ngay, 14 gio, 29 phut, 50 giay ago)","45","31"
"4","320","Doc Vi Bat Ky Ai","[LThuVien.Author;@68837a77","Nha xuat ban Chinh tri Quoc gia.","EN|Tieng Anh|English","25/02/2016 20:51:40 (2474 ngay, 13 gio, 50 phut, 49 giay ago)","13/12/1987 17:34:37 (12775 ngay, 17 gio, 7 phut, 52 giay ago)","48","48"
"3","321","Cach nghi de thanh cong","[LThuVien.Author;@6be46e8f","Nha xuat ban Tu phap.","TH|Tieng Thanh Hoa|Unknown","EN|Tieng Anh|English","Vietnamese","04/02/2015 12:35:55 (2860 ngay, 22 gio, 6 phut, 34 giay ago)","15/11/1987 06:44:06 (12804 ngay, 3 gio, 58 phut, 23 giay ago)","29","21"
"1","322","Bao Thanh Nien so bao thu 9","[LThuVien.Author;@3567135c","Thanh Nien","08/01/1986 13:59:39 (13479 ngay, 20 gio, 42 phut, 50 giay ago)","35","1"
"4","323","Dac Nhan Tam","[LThuVien.Author;@327471b5","Nha xuat ban Thanh nien.","EN|Tieng Anh|English","19/11/2014 16:20:22 (2937 ngay, 18 gio, 22 phut, 7 giay ago)","09/03/1985 23:14:35 (13784 ngay, 11 gio, 27 phut, 54 giay ago)","16","3"
"3","324","Hat giong tam hon","[LThuVien.Author;@4157f54e","Nha xuat ban Tu phap.","TH|Tieng Thanh Hoa|Unknown","FR|Tieng Phap|French","Vietnamese","24/12/2010 20:32:56 (4363 ngay, 14 gio, 9 phut, 33 giay ago)","19/06/1991 21:06:56 (11491 ngay, 13 gio, 35 phut, 33 giay ago)","8","6"
"4","325","Cach nghi de thanh cong","[LThuVien.Author;@90f6bfd","Nha xuat ban Chinh tri Quoc gia.","EN|Tieng Anh|English","25/02/2016 00:40:12 (2475 ngay, 10 gio, 2 phut, 17 giay ago)","24/07/1988 22:19:09 (12551 ngay, 12 gio, 23 phut, 20 giay ago)","27","16"
"4","326","Cach nghi de thanh cong","[LThuVien.Author;@47f6473","Nha xuat ban Chinh tri Quoc gia.","EN|Tieng Anh|English","01/07/2013 10:14:47 (3444 ngay, 27 phut, 42 giay ago)","02/09/1996 02:06:40 (9590 ngay, 8 gio, 35 phut, 49 giay ago)","50","47"
"3","327","Cach nghi de thanh cong","[LThuVien.Author;@15975490","Nha xuat ban Hong Duc.","TH|Tieng Thanh Hoa|Unknown","FR|Tieng Phap|French","Vietnamese","22/09/2016 00:34:24 (2265 ngay, 10 gio, 8 phut, 5 giay ago)","21/01/1993 02:17:25 (10910 ngay, 8 gio, 25 phut, 4 giay ago)","5","5"
"3","328","Cach nghi de thanh cong","[LThuVien.Author;@6b143ee9","Nha xuat ban Tu phap.","TH|Tieng Thanh Hoa|Unknown","CN|Tieng Trung Quoc|Chinese","Vietnamese","10/02/2013 10:23:30 (3585 ngay, 18 phut, 59 giay ago)","25/05/2000 10:01:36 (8229 ngay, 40 phut, 53 giay ago)","8","4"
"4","329","Doc Vi Bat Ky Ai","[LThuVien.Author;@1936f0f5","Nha xuat ban Lao dong.","CN|Tieng Trung Quoc|Chinese","17/03/2019 00:20:56 (1359 ngay, 10 gio, 21 phut, 33 giay ago)","22/02/1982 18:16:57 (14895 ngay, 16 gio, 25 phut, 32 giay ago)","44","28"
"1","330","Quang ganh lo di va vui song","[LThuVien.Author;@6615435c","Tuoi Tre","VN|Tieng Viet|Vietnamese","25/05/2000 10:01:36 (8229 ngay, 40 phut, 53 giay ago)","51","11"
"1","331","Bao Lao Dong tuan 55","[LThuVien.Author;@4909b8da","Lao Dong","05/02/1992 09:53:13 (11261 ngay, 49 phut, 16 giay ago)","5","0"
